date,county,state,fips,cases,deaths
02/29/2020,New York,New York,36061,1,0
02/29/2020,Bronx,New York,36005,0,0
02/29/2020,Kings,New York,36047,0,0
02/29/2020,Queens,New York,36081,0,0
02/29/2020,Richmond,New York,36085,0,0
03/01/2020,New York,New York,36061,1,0
03/01/2020,Bronx,New York,36005,0,0
03/01/2020,Kings,New York,36047,0,0
03/01/2020,Queens,New York,36081,0,0
03/01/2020,Richmond,New York,36085,0,0
03/02/2020,New York,New York,36061,1,0
03/02/2020,Bronx,New York,36005,0,0
03/02/2020,Kings,New York,36047,0,0
03/02/2020,Queens,New York,36081,0,0
03/02/2020,Richmond,New York,36085,0,0
03/03/2020,New York,New York,36061,1,0
03/03/2020,Bronx,New York,36005,0,0
03/03/2020,Kings,New York,36047,0,0
03/03/2020,Queens,New York,36081,1,0
03/03/2020,Richmond,New York,36085,0,0
03/04/2020,New York,New York,36061,3,0
03/04/2020,Bronx,New York,36005,0,0
03/04/2020,Kings,New York,36047,1,0
03/04/2020,Queens,New York,36081,3,0
03/04/2020,Richmond,New York,36085,0,0
03/05/2020,New York,New York,36061,3,0
03/05/2020,Bronx,New York,36005,0,0
03/05/2020,Kings,New York,36047,4,0
03/05/2020,Queens,New York,36081,3,0
03/05/2020,Richmond,New York,36085,0,0
03/06/2020,New York,New York,36061,6,0
03/06/2020,Bronx,New York,36005,2,0
03/06/2020,Kings,New York,36047,5,0
03/06/2020,Queens,New York,36081,4,0
03/06/2020,Richmond,New York,36085,1,0
03/07/2020,New York,New York,36061,7,0
03/07/2020,Bronx,New York,36005,2,0
03/07/2020,Kings,New York,36047,7,0
03/07/2020,Queens,New York,36081,7,0
03/07/2020,Richmond,New York,36085,2,0
03/08/2020,New York,New York,36061,13,0
03/08/2020,Bronx,New York,36005,5,0
03/08/2020,Kings,New York,36047,12,0
03/08/2020,Queens,New York,36081,13,0
03/08/2020,Richmond,New York,36085,3,0
03/09/2020,New York,New York,36061,37,0
03/09/2020,Bronx,New York,36005,9,0
03/09/2020,Kings,New York,36047,28,0
03/09/2020,Queens,New York,36081,23,0
03/09/2020,Richmond,New York,36085,6,0
03/10/2020,New York,New York,36061,61,0
03/10/2020,Bronx,New York,36005,17,0
03/10/2020,Kings,New York,36047,39,0
03/10/2020,Queens,New York,36081,47,0
03/10/2020,Richmond,New York,36085,8,0
03/11/2020,New York,New York,36061,123,0
03/11/2020,Bronx,New York,36005,36,0
03/11/2020,Kings,New York,36047,70,0
03/11/2020,Queens,New York,36081,87,1
03/11/2020,Richmond,New York,36085,11,0
03/12/2020,New York,New York,36061,260,0
03/12/2020,Bronx,New York,36005,65,0
03/12/2020,Kings,New York,36047,166,0
03/12/2020,Queens,New York,36081,167,1
03/12/2020,Richmond,New York,36085,24,0
03/13/2020,New York,New York,36061,442,0
03/13/2020,Bronx,New York,36005,144,0
03/13/2020,Kings,New York,36047,332,0
03/13/2020,Queens,New York,36081,333,1
03/13/2020,Richmond,New York,36085,50,0
03/14/2020,New York,New York,36061,618,0
03/14/2020,Bronx,New York,36005,230,0
03/14/2020,Kings,New York,36047,495,1
03/14/2020,Queens,New York,36081,527,2
03/14/2020,Richmond,New York,36085,73,0
03/15/2020,New York,New York,36061,824,2
03/15/2020,Bronx,New York,36005,349,1
03/15/2020,Kings,New York,36047,928,1
03/15/2020,Queens,New York,36081,757,3
03/15/2020,Richmond,New York,36085,120,0
03/16/2020,New York,New York,36061,1281,2
03/16/2020,Bronx,New York,36005,654,4
03/16/2020,Kings,New York,36047,1668,2
03/16/2020,Queens,New York,36081,1285,7
03/16/2020,Richmond,New York,36085,211,0
03/17/2020,New York,New York,36061,1848,2
03/17/2020,Bronx,New York,36005,997,5
03/17/2020,Kings,New York,36047,2451,6
03/17/2020,Queens,New York,36081,1936,10
03/17/2020,Richmond,New York,36085,319,0
03/18/2020,New York,New York,36061,2386,6
03/18/2020,Bronx,New York,36005,1479,6
03/18/2020,Kings,New York,36047,3417,12
03/18/2020,Queens,New York,36081,2770,19
03/18/2020,Richmond,New York,36085,469,0
03/19/2020,New York,New York,36061,2942,10
03/19/2020,Bronx,New York,36005,2102,10
03/19/2020,Kings,New York,36047,4621,18
03/19/2020,Queens,New York,36081,3835,25
03/19/2020,Richmond,New York,36085,727,4
03/20/2020,New York,New York,36061,3595,21
03/20/2020,Bronx,New York,36005,2825,23
03/20/2020,Kings,New York,36047,5758,29
03/20/2020,Queens,New York,36081,5019,34
03/20/2020,Richmond,New York,36085,1037,7
03/21/2020,New York,New York,36061,3993,26
03/21/2020,Bronx,New York,36005,3315,35
03/21/2020,Kings,New York,36047,6312,41
03/21/2020,Queens,New York,36081,5966,48
03/21/2020,Richmond,New York,36085,1285,8
03/22/2020,New York,New York,36061,4310,33
03/22/2020,Bronx,New York,36005,3809,47
03/22/2020,Kings,New York,36047,7067,51
03/22/2020,Queens,New York,36081,6662,62
03/22/2020,Richmond,New York,36085,1602,14
03/23/2020,New York,New York,36061,4841,40
03/23/2020,Bronx,New York,36005,4539,59
03/23/2020,Kings,New York,36047,7977,78
03/23/2020,Queens,New York,36081,7852,90
03/23/2020,Richmond,New York,36085,1811,22
03/24/2020,New York,New York,36061,5461,57
03/24/2020,Bronx,New York,36005,5466,73
03/24/2020,Kings,New York,36047,9189,101
03/24/2020,Queens,New York,36081,9243,125
03/24/2020,Richmond,New York,36085,2161,28
03/25/2020,New York,New York,36061,6047,77
03/25/2020,Bronx,New York,36005,6534,103
03/25/2020,Kings,New York,36047,10443,138
03/25/2020,Queens,New York,36081,10815,158
03/25/2020,Richmond,New York,36085,2555,32
03/26/2020,New York,New York,36061,6674,106
03/26/2020,Bronx,New York,36005,7532,140
03/26/2020,Kings,New York,36047,11818,188
03/26/2020,Queens,New York,36081,12457,218
03/26/2020,Richmond,New York,36085,2959,42
03/27/2020,New York,New York,36061,7330,148
03/27/2020,Bronx,New York,36005,8622,176
03/27/2020,Kings,New York,36047,13241,263
03/27/2020,Queens,New York,36081,14034,276
03/27/2020,Richmond,New York,36085,3330,49
03/28/2020,New York,New York,36061,7718,176
03/28/2020,Bronx,New York,36005,9384,238
03/28/2020,Kings,New York,36047,14104,341
03/28/2020,Queens,New York,36081,15235,368
03/28/2020,Richmond,New York,36085,3596,62
03/29/2020,New York,New York,36061,8125,211
03/29/2020,Bronx,New York,36005,10084,293
03/29/2020,Kings,New York,36047,15254,430
03/29/2020,Queens,New York,36081,16311,462
03/29/2020,Richmond,New York,36085,3826,79
03/30/2020,New York,New York,36061,8932,245
03/30/2020,Bronx,New York,36005,11397,368
03/30/2020,Kings,New York,36047,17008,536
03/30/2020,Queens,New York,36081,18168,561
03/30/2020,Richmond,New York,36085,4224,90
03/31/2020,New York,New York,36061,9549,288
03/31/2020,Bronx,New York,36005,12679,466
03/31/2020,Kings,New York,36047,18521,662
03/31/2020,Queens,New York,36081,19977,657
03/31/2020,Richmond,New York,36085,4461,112
04/01/2020,New York,New York,36061,10122,347
04/01/2020,Bronx,New York,36005,13919,559
04/01/2020,Kings,New York,36047,20110,797
04/01/2020,Queens,New York,36081,21760,801
04/01/2020,Richmond,New York,36085,4724,128
04/02/2020,New York,New York,36061,10774,409
04/02/2020,Bronx,New York,36005,15210,655
04/02/2020,Kings,New York,36047,21722,968
04/02/2020,Queens,New York,36081,23583,940
04/02/2020,Richmond,New York,36085,5093,157
04/03/2020,New York,New York,36061,11445,460
04/03/2020,Bronx,New York,36005,16660,771
04/03/2020,Kings,New York,36047,23163,1110
04/03/2020,Queens,New York,36081,25345,1100
04/03/2020,Richmond,New York,36085,5438,186
04/04/2020,New York,New York,36061,11830,523
04/04/2020,Bronx,New York,36005,17671,877
04/04/2020,Kings,New York,36047,24084,1273
04/04/2020,Queens,New York,36081,26546,1258
04/04/2020,Richmond,New York,36085,5783,206
04/05/2020,New York,New York,36061,12188,609
04/05/2020,Bronx,New York,36005,18494,1000
04/05/2020,Kings,New York,36047,25225,1439
04/05/2020,Queens,New York,36081,27681,1439
04/05/2020,Richmond,New York,36085,6106,228
04/06/2020,New York,New York,36061,12909,678
04/06/2020,Bronx,New York,36005,20008,1112
04/06/2020,Kings,New York,36047,26688,1608
04/06/2020,Queens,New York,36081,29607,1640
04/06/2020,Richmond,New York,36085,6836,252
04/07/2020,New York,New York,36061,13515,770
04/07/2020,Bronx,New York,36005,21471,1227
04/07/2020,Kings,New York,36047,28083,1788
04/07/2020,Queens,New York,36081,31555,1824
04/07/2020,Richmond,New York,36085,7466,279
04/08/2020,New York,New York,36061,14062,836
04/08/2020,Bronx,New York,36005,22776,1341
04/08/2020,Kings,New York,36047,29393,1959
04/08/2020,Queens,New York,36081,33410,2007
04/08/2020,Richmond,New York,36085,8028,313
04/09/2020,New York,New York,36061,14622,901
04/09/2020,Bronx,New York,36005,24059,1449
04/09/2020,Kings,New York,36047,30762,2147
04/09/2020,Queens,New York,36081,34971,2180
04/09/2020,Richmond,New York,36085,8326,338
04/10/2020,New York,New York,36061,15118,970
04/10/2020,Bronx,New York,36005,25287,1567
04/10/2020,Kings,New York,36047,31914,2325
04/10/2020,Queens,New York,36081,36305,2336
04/10/2020,Richmond,New York,36085,8626,357
04/11/2020,New York,New York,36061,15421,1029
04/11/2020,Bronx,New York,36005,26285,1699
04/11/2020,Kings,New York,36047,33043,2484
04/11/2020,Queens,New York,36081,37294,2500
04/11/2020,Richmond,New York,36085,8938,385
04/12/2020,New York,New York,36061,15673,1091
04/12/2020,Bronx,New York,36005,27048,1808
04/12/2020,Kings,New York,36047,33745,2685
04/12/2020,Queens,New York,36081,38211,2673
04/12/2020,Richmond,New York,36085,9191,411
04/13/2020,New York,New York,36061,16066,1162
04/13/2020,Bronx,New York,36005,27741,1930
04/13/2020,Kings,New York,36047,34811,2843
04/13/2020,Queens,New York,36081,39186,2867
04/13/2020,Richmond,New York,36085,9376,436
04/14/2020,New York,New York,36061,16507,1221
04/14/2020,Bronx,New York,36005,28817,2041
04/14/2020,Kings,New York,36047,35846,2995
04/14/2020,Queens,New York,36081,40486,3028
04/14/2020,Richmond,New York,36085,9666,460
04/15/2020,New York,New York,36061,16936,1276
04/15/2020,Bronx,New York,36005,29885,2135
04/15/2020,Kings,New York,36047,36728,3127
04/15/2020,Queens,New York,36081,41666,3176
04/15/2020,Richmond,New York,36085,9983,484
04/16/2020,New York,New York,36061,17292,1331
04/16/2020,Bronx,New York,36005,30825,2221
04/16/2020,Kings,New York,36047,37612,3253
04/16/2020,Queens,New York,36081,42806,3308
04/16/2020,Richmond,New York,36085,10193,498
04/17/2020,New York,New York,36061,17622,1372
04/17/2020,Bronx,New York,36005,31742,2309
04/17/2020,Kings,New York,36047,38571,3371
04/17/2020,Queens,New York,36081,43904,3430
04/17/2020,Richmond,New York,36085,10473,513
04/18/2020,New York,New York,36061,17809,1429
04/18/2020,Bronx,New York,36005,32294,2372
04/18/2020,Kings,New York,36047,39146,3487
04/18/2020,Queens,New York,36081,44609,3566
04/18/2020,Richmond,New York,36085,10626,532
04/19/2020,New York,New York,36061,17986,1477
04/19/2020,Bronx,New York,36005,32826,2451
04/19/2020,Kings,New York,36047,39781,3605
04/19/2020,Queens,New York,36081,45477,3701
04/19/2020,Richmond,New York,36085,10760,551
04/20/2020,New York,New York,36061,18367,1526
04/20/2020,Bronx,New York,36005,33807,2529
04/20/2020,Kings,New York,36047,40764,3700
04/20/2020,Queens,New York,36081,46700,3826
04/20/2020,Richmond,New York,36085,10984,567
04/21/2020,New York,New York,36061,18740,1573
04/21/2020,Bronx,New York,36005,34448,2599
04/21/2020,Kings,New York,36047,41660,3792
04/21/2020,Queens,New York,36081,47637,3929
04/21/2020,Richmond,New York,36085,11200,578
04/22/2020,New York,New York,36061,19123,1610
04/22/2020,Bronx,New York,36005,35375,2666
04/22/2020,Kings,New York,36047,42514,3899
04/22/2020,Queens,New York,36081,48746,4015
04/22/2020,Richmond,New York,36085,11373,592
04/23/2020,New York,New York,36061,19524,1657
04/23/2020,Bronx,New York,36005,36109,2724
04/23/2020,Kings,New York,36047,43299,4005
04/23/2020,Queens,New York,36081,49539,4121
04/23/2020,Richmond,New York,36085,11501,605
04/24/2020,New York,New York,36061,19932,1704
04/24/2020,Bronx,New York,36005,36689,2786
04/24/2020,Kings,New York,36047,43928,4098
04/24/2020,Queens,New York,36081,50314,4219
04/24/2020,Richmond,New York,36085,11644,619
04/25/2020,New York,New York,36061,20078,1744
04/25/2020,Bronx,New York,36005,37106,2842
04/25/2020,Kings,New York,36047,44332,4174
04/25/2020,Queens,New York,36081,50854,4301
04/25/2020,Richmond,New York,36085,11732,628
04/26/2020,New York,New York,36061,20176,1778
04/26/2020,Bronx,New York,36005,37302,2896
04/26/2020,Kings,New York,36047,44664,4235
04/26/2020,Queens,New York,36081,51185,4390
04/26/2020,Richmond,New York,36085,11778,635
04/27/2020,New York,New York,36061,20479,1808
04/27/2020,Bronx,New York,36005,37852,2949
04/27/2020,Kings,New York,36047,45272,4321
04/27/2020,Queens,New York,36081,51906,4481
04/27/2020,Richmond,New York,36085,11884,644
04/28/2020,New York,New York,36061,20801,1843
04/28/2020,Bronx,New York,36005,38521,3005
04/28/2020,Kings,New York,36047,45983,4378
04/28/2020,Queens,New York,36081,52802,4554
04/28/2020,Richmond,New York,36085,12014,652
04/29/2020,New York,New York,36061,21088,1875
04/29/2020,Bronx,New York,36005,39077,3045
04/29/2020,Kings,New York,36047,46664,4449
04/29/2020,Queens,New York,36081,53494,4634
04/29/2020,Richmond,New York,36085,12138,666
04/30/2020,New York,New York,36061,21305,1910
04/30/2020,Bronx,New York,36005,39559,3090
04/30/2020,Kings,New York,36047,47264,4514
04/30/2020,Queens,New York,36081,54087,4702
04/30/2020,Richmond,New York,36085,12268,677
05/01/2020,New York,New York,36061,21548,1934
05/01/2020,Bronx,New York,36005,40008,3135
05/01/2020,Kings,New York,36047,47761,4570
05/01/2020,Queens,New York,36081,54707,4779
05/01/2020,Richmond,New York,36085,12346,685
05/02/2020,New York,New York,36061,21686,1957
05/02/2020,Bronx,New York,36005,40271,3184
05/02/2020,Kings,New York,36047,48024,4615
05/02/2020,Queens,New York,36081,55040,4840
05/02/2020,Richmond,New York,36085,12407,697
05/03/2020,New York,New York,36061,21789,1992
05/03/2020,Bronx,New York,36005,40424,3211
05/03/2020,Kings,New York,36047,48271,4660
05/03/2020,Queens,New York,36081,55289,4895
05/03/2020,Richmond,New York,36085,12442,712
05/04/2020,New York,New York,36061,22003,2011
05/04/2020,Bronx,New York,36005,40772,3245
05/04/2020,Kings,New York,36047,48733,4702
05/04/2020,Queens,New York,36081,55726,4950
05/04/2020,Richmond,New York,36085,12531,720
05/05/2020,New York,New York,36061,22246,2029
05/05/2020,Bronx,New York,36005,41066,3271
05/05/2020,Kings,New York,36047,49166,4751
05/05/2020,Queens,New York,36081,56188,4996
05/05/2020,Richmond,New York,36085,12610,732
05/06/2020,New York,New York,36061,22411,2046
05/06/2020,Bronx,New York,36005,41345,3300
05/06/2020,Kings,New York,36047,49616,4789
05/06/2020,Queens,New York,36081,56632,5055
05/06/2020,Richmond,New York,36085,12670,740
05/07/2020,New York,New York,36061,22530,2069
05/07/2020,Bronx,New York,36005,41643,3328
05/07/2020,Kings,New York,36047,50020,4835
05/07/2020,Queens,New York,36081,56990,5097
05/07/2020,Richmond,New York,36085,12730,744
05/08/2020,New York,New York,36061,22629,2082
05/08/2020,Bronx,New York,36005,41895,3350
05/08/2020,Kings,New York,36047,50364,4878
05/08/2020,Queens,New York,36081,57335,5145
05/08/2020,Richmond,New York,36085,12772,749
05/09/2020,New York,New York,36061,22704,2096
05/09/2020,Bronx,New York,36005,42070,3371
05/09/2020,Kings,New York,36047,50483,4906
05/09/2020,Queens,New York,36081,57591,5178
05/09/2020,Richmond,New York,36085,12804,752
05/10/2020,New York,New York,36061,22799,2115
05/10/2020,Bronx,New York,36005,42145,3384
05/10/2020,Kings,New York,36047,50671,4932
05/10/2020,Queens,New York,36081,57676,5215
05/10/2020,Richmond,New York,36085,12818,760
05/11/2020,New York,New York,36061,22991,2129
05/11/2020,Bronx,New York,36005,42371,3411
05/11/2020,Kings,New York,36047,51081,4965
05/11/2020,Queens,New York,36081,58052,5242
05/11/2020,Richmond,New York,36085,12845,763
05/12/2020,New York,New York,36061,23154,2143
05/12/2020,Bronx,New York,36005,42726,3430
05/12/2020,Kings,New York,36047,51481,4998
05/12/2020,Queens,New York,36081,58366,5260
05/12/2020,Richmond,New York,36085,12898,769
05/13/2020,New York,New York,36061,23311,2151
05/13/2020,Bronx,New York,36005,43187,3446
05/13/2020,Kings,New York,36047,51843,5021
05/13/2020,Queens,New York,36081,58673,5290
05/13/2020,Richmond,New York,36085,12945,775
05/14/2020,New York,New York,36061,23460,2167
05/14/2020,Bronx,New York,36005,43442,3457
05/14/2020,Kings,New York,36047,52177,5035
05/14/2020,Queens,New York,36081,59004,5313
05/14/2020,Richmond,New York,36085,12987,781
05/15/2020,New York,New York,36061,23594,2178
05/15/2020,Bronx,New York,36005,43622,3472
05/15/2020,Kings,New York,36047,52437,5062
05/15/2020,Queens,New York,36081,59270,5340
05/15/2020,Richmond,New York,36085,13020,787
05/16/2020,New York,New York,36061,23645,2189
05/16/2020,Bronx,New York,36005,43730,3498
05/16/2020,Kings,New York,36047,52602,5086
05/16/2020,Queens,New York,36081,59406,5361
05/16/2020,Richmond,New York,36085,13045,789
05/17/2020,New York,New York,36061,23695,2200
05/17/2020,Bronx,New York,36005,43786,3517
05/17/2020,Kings,New York,36047,52739,5105
05/17/2020,Queens,New York,36081,59512,5387
05/17/2020,Richmond,New York,36085,13055,791
05/18/2020,New York,New York,36061,23825,2207
05/18/2020,Bronx,New York,36005,43973,3528
05/18/2020,Kings,New York,36047,53005,5122
05/18/2020,Queens,New York,36081,59786,5409
05/18/2020,Richmond,New York,36085,13093,793
05/19/2020,New York,New York,36061,23991,2217
05/19/2020,Bronx,New York,36005,44155,3540
05/19/2020,Kings,New York,36047,53332,5138
05/19/2020,Queens,New York,36081,60072,5421
05/19/2020,Richmond,New York,36085,13135,798
05/20/2020,New York,New York,36061,24156,2229
05/20/2020,Bronx,New York,36005,44433,3555
05/20/2020,Kings,New York,36047,53656,5159
05/20/2020,Queens,New York,36081,60326,5445
05/20/2020,Richmond,New York,36085,13191,805
05/21/2020,New York,New York,36061,24301,2235
05/21/2020,Bronx,New York,36005,44632,3567
05/21/2020,Kings,New York,36047,53992,5174
05/21/2020,Queens,New York,36081,60637,5454
05/21/2020,Richmond,New York,36085,13269,808
05/22/2020,New York,New York,36061,24453,2240
05/22/2020,Bronx,New York,36005,44896,3579
05/22/2020,Kings,New York,36047,54342,5189
05/22/2020,Queens,New York,36081,60877,5482
05/22/2020,Richmond,New York,36085,13301,813
05/23/2020,New York,New York,36061,24502,2247
05/23/2020,Bronx,New York,36005,44986,3596
05/23/2020,Kings,New York,36047,54485,5209
05/23/2020,Queens,New York,36081,61014,5496
05/23/2020,Richmond,New York,36085,13338,815
05/24/2020,New York,New York,36061,24571,2252
05/24/2020,Bronx,New York,36005,45087,3609
05/24/2020,Kings,New York,36047,54646,5221
05/24/2020,Queens,New York,36081,61135,5509
05/24/2020,Richmond,New York,36085,13353,820
05/25/2020,New York,New York,36061,24641,2264
05/25/2020,Bronx,New York,36005,45190,3617
05/25/2020,Kings,New York,36047,54806,5235
05/25/2020,Queens,New York,36081,61250,5520
05/25/2020,Richmond,New York,36085,13370,822
05/26/2020,New York,New York,36061,24767,2270
05/26/2020,Bronx,New York,36005,45474,3627
05/26/2020,Kings,New York,36047,55124,5247
05/26/2020,Queens,New York,36081,61517,5529
05/26/2020,Richmond,New York,36085,13427,823
05/27/2020,New York,New York,36061,24875,2279
05/27/2020,Bronx,New York,36005,45656,3636
05/27/2020,Kings,New York,36047,55370,5258
05/27/2020,Queens,New York,36081,61682,5547
05/27/2020,Richmond,New York,36085,13470,825
05/28/2020,New York,New York,36061,24974,2282
05/28/2020,Bronx,New York,36005,45774,3648
05/28/2020,Kings,New York,36047,55591,5270
05/28/2020,Queens,New York,36081,61860,5557
05/28/2020,Richmond,New York,36085,13500,826
05/29/2020,New York,New York,36061,25047,2287
05/29/2020,Bronx,New York,36005,45938,3654
05/29/2020,Kings,New York,36047,55757,5286
05/29/2020,Queens,New York,36081,62072,5571
05/29/2020,Richmond,New York,36085,13527,828
05/30/2020,New York,New York,36061,25085,2299
05/30/2020,Bronx,New York,36005,46018,3667
05/30/2020,Kings,New York,36047,55862,5296
05/30/2020,Queens,New York,36081,62181,5587
05/30/2020,Richmond,New York,36085,13543,829
05/31/2020,New York,New York,36061,25110,2303
05/31/2020,Bronx,New York,36005,46048,3673
05/31/2020,Kings,New York,36047,55946,5307
05/31/2020,Queens,New York,36081,62260,5603
05/31/2020,Richmond,New York,36085,13555,831
06/01/2020,New York,New York,36061,25187,2306
06/01/2020,Bronx,New York,36005,46206,3676
06/01/2020,Kings,New York,36047,56198,5317
06/01/2020,Queens,New York,36081,62417,5619
06/01/2020,Richmond,New York,36085,13597,834
06/02/2020,New York,New York,36061,25258,2313
06/02/2020,Bronx,New York,36005,46328,3684
06/02/2020,Kings,New York,36047,56380,5323
06/02/2020,Queens,New York,36081,62580,5634
06/02/2020,Richmond,New York,36085,13631,835
06/03/2020,New York,New York,36061,25333,2320
06/03/2020,Bronx,New York,36005,46441,3695
06/03/2020,Kings,New York,36047,56513,5336
06/03/2020,Queens,New York,36081,62728,5643
06/03/2020,Richmond,New York,36085,13676,838
06/04/2020,New York,New York,36061,25421,2328
06/04/2020,Bronx,New York,36005,46568,3699
06/04/2020,Kings,New York,36047,56643,5346
06/04/2020,Queens,New York,36081,62876,5652
06/04/2020,Richmond,New York,36085,13706,840
06/05/2020,New York,New York,36061,25474,2335
06/05/2020,Bronx,New York,36005,46676,3708
06/05/2020,Kings,New York,36047,56774,5352
06/05/2020,Queens,New York,36081,62979,5657
06/05/2020,Richmond,New York,36085,13714,841
06/06/2020,New York,New York,36061,25507,2336
06/06/2020,Bronx,New York,36005,46726,3720
06/06/2020,Kings,New York,36047,56833,5363
06/06/2020,Queens,New York,36081,63077,5667
06/06/2020,Richmond,New York,36085,13721,841
06/07/2020,New York,New York,36061,25531,2337
06/07/2020,Bronx,New York,36005,46769,3727
06/07/2020,Kings,New York,36047,56885,5369
06/07/2020,Queens,New York,36081,63151,5677
06/07/2020,Richmond,New York,36085,13725,842
06/08/2020,New York,New York,36061,25606,2339
06/08/2020,Bronx,New York,36005,46866,3737
06/08/2020,Kings,New York,36047,56997,5382
06/08/2020,Queens,New York,36081,63298,5691
06/08/2020,Richmond,New York,36085,13744,842
06/09/2020,New York,New York,36061,25673,2347
06/09/2020,Bronx,New York,36005,46950,3743
06/09/2020,Kings,New York,36047,57118,5388
06/09/2020,Queens,New York,36081,63428,5700
06/09/2020,Richmond,New York,36085,13763,844
06/10/2020,New York,New York,36061,25742,2348
06/10/2020,Bronx,New York,36005,47026,3752
06/10/2020,Kings,New York,36047,57216,5399
06/10/2020,Queens,New York,36081,63536,5709
06/10/2020,Richmond,New York,36085,13777,846
06/11/2020,New York,New York,36061,25796,2350
06/11/2020,Bronx,New York,36005,47091,3758
06/11/2020,Kings,New York,36047,57329,5403
06/11/2020,Queens,New York,36081,63653,5717
06/11/2020,Richmond,New York,36085,13793,847
06/12/2020,New York,New York,36061,25854,2353
06/12/2020,Bronx,New York,36005,47171,3763
06/12/2020,Kings,New York,36047,57452,5409
06/12/2020,Queens,New York,36081,63784,5726
06/12/2020,Richmond,New York,36085,13811,847
06/13/2020,New York,New York,36061,25878,2356
06/13/2020,Bronx,New York,36005,47217,3768
06/13/2020,Kings,New York,36047,57504,5413
06/13/2020,Queens,New York,36081,63857,5728
06/13/2020,Richmond,New York,36085,13813,848
06/14/2020,New York,New York,36061,25906,2358
06/14/2020,Bronx,New York,36005,47244,3775
06/14/2020,Kings,New York,36047,57557,5419
06/14/2020,Queens,New York,36081,63925,5734
06/14/2020,Richmond,New York,36085,13817,850
06/15/2020,New York,New York,36061,25965,2361
06/15/2020,Bronx,New York,36005,47324,3780
06/15/2020,Kings,New York,36047,57659,5423
06/15/2020,Queens,New York,36081,64047,5740
06/15/2020,Richmond,New York,36085,13835,852
06/16/2020,New York,New York,36061,26032,2363
06/16/2020,Bronx,New York,36005,47404,3782
06/16/2020,Kings,New York,36047,57792,5428
06/16/2020,Queens,New York,36081,64167,5747
06/16/2020,Richmond,New York,36085,13855,852
06/17/2020,New York,New York,36061,26097,2366
06/17/2020,Bronx,New York,36005,47472,3784
06/17/2020,Kings,New York,36047,57906,5434
06/17/2020,Queens,New York,36081,64259,5755
06/17/2020,Richmond,New York,36085,13872,852
06/18/2020,New York,New York,36061,26155,2370
06/18/2020,Bronx,New York,36005,47532,3785
06/18/2020,Kings,New York,36047,58018,5438
06/18/2020,Queens,New York,36081,64382,5761
06/18/2020,Richmond,New York,36085,13897,854
06/19/2020,New York,New York,36061,26211,2374
06/19/2020,Bronx,New York,36005,47615,3788
06/19/2020,Kings,New York,36047,58109,5441
06/19/2020,Queens,New York,36081,64505,5764
06/19/2020,Richmond,New York,36085,13906,856
06/20/2020,New York,New York,36061,26255,2376
06/20/2020,Bronx,New York,36005,47668,3793
06/20/2020,Kings,New York,36047,58155,5444
06/20/2020,Queens,New York,36081,64559,5769
06/20/2020,Richmond,New York,36085,13912,858
06/21/2020,New York,New York,36061,26281,2379
06/21/2020,Bronx,New York,36005,47693,3799
06/21/2020,Kings,New York,36047,58209,5450
06/21/2020,Queens,New York,36081,64617,5776
06/21/2020,Richmond,New York,36085,13921,859
06/22/2020,New York,New York,36061,26343,2380
06/22/2020,Bronx,New York,36005,47785,3800
06/22/2020,Kings,New York,36047,58319,5455
06/22/2020,Queens,New York,36081,64736,5784
06/22/2020,Richmond,New York,36085,13939,861
06/23/2020,New York,New York,36061,26420,2384
06/23/2020,Bronx,New York,36005,47858,3806
06/23/2020,Kings,New York,36047,58414,5460
06/23/2020,Queens,New York,36081,64857,5788
06/23/2020,Richmond,New York,36085,13955,861
06/24/2020,New York,New York,36061,26493,2386
06/24/2020,Bronx,New York,36005,47948,3808
06/24/2020,Kings,New York,36047,58515,5466
06/24/2020,Queens,New York,36081,64960,5794
06/24/2020,Richmond,New York,36085,13969,862
06/25/2020,New York,New York,36061,26539,2388
06/25/2020,Bronx,New York,36005,48012,3812
06/25/2020,Kings,New York,36047,58597,5470
06/25/2020,Queens,New York,36081,65039,5798
06/25/2020,Richmond,New York,36085,13997,863
06/26/2020,New York,New York,36061,26602,2394
06/26/2020,Bronx,New York,36005,48078,3815
06/26/2020,Kings,New York,36047,58691,5473
06/26/2020,Queens,New York,36081,65116,5802
06/26/2020,Richmond,New York,36085,14013,864
06/27/2020,New York,New York,36061,26639,2396
06/27/2020,Bronx,New York,36005,48104,3816
06/27/2020,Kings,New York,36047,58761,5480
06/27/2020,Queens,New York,36081,65176,5803
06/27/2020,Richmond,New York,36085,14026,865
06/28/2020,New York,New York,36061,26680,2399
06/28/2020,Bronx,New York,36005,48139,3819
06/28/2020,Kings,New York,36047,58819,5481
06/28/2020,Queens,New York,36081,65233,5807
06/28/2020,Richmond,New York,36085,14037,865
06/29/2020,New York,New York,36061,26760,2400
06/29/2020,Bronx,New York,36005,48214,3822
06/29/2020,Kings,New York,36047,58946,5485
06/29/2020,Queens,New York,36081,65365,5812
06/29/2020,Richmond,New York,36085,14060,868
06/30/2020,New York,New York,36061,26854,2402
06/30/2020,Bronx,New York,36005,48291,3824
06/30/2020,Kings,New York,36047,59074,5487
06/30/2020,Queens,New York,36081,65478,5817
06/30/2020,Richmond,New York,36085,14089,868
07/01/2020,New York,New York,36061,26937,2403
07/01/2020,Bronx,New York,36005,48353,3825
07/01/2020,Kings,New York,36047,59194,5490
07/01/2020,Queens,New York,36081,65571,5820
07/01/2020,Richmond,New York,36085,14128,869
07/02/2020,New York,New York,36061,27017,2410
07/02/2020,Bronx,New York,36005,48427,3826
07/02/2020,Kings,New York,36047,59321,5493
07/02/2020,Queens,New York,36081,65689,5821
07/02/2020,Richmond,New York,36085,14145,872
07/03/2020,New York,New York,36061,27066,2410
07/03/2020,Bronx,New York,36005,48468,3831
07/03/2020,Kings,New York,36047,59393,5496
07/03/2020,Queens,New York,36081,65754,5824
07/03/2020,Richmond,New York,36085,14153,872
07/04/2020,New York,New York,36061,27098,2410
07/04/2020,Bronx,New York,36005,48489,3832
07/04/2020,Kings,New York,36047,59416,5499
07/04/2020,Queens,New York,36081,65786,5824
07/04/2020,Richmond,New York,36085,14165,873
07/05/2020,New York,New York,36061,27130,2411
07/05/2020,Bronx,New York,36005,48508,3836
07/05/2020,Kings,New York,36047,59469,5501
07/05/2020,Queens,New York,36081,65824,5825
07/05/2020,Richmond,New York,36085,14177,873
07/06/2020,New York,New York,36061,27207,2412
07/06/2020,Bronx,New York,36005,48575,3838
07/06/2020,Kings,New York,36047,59611,5503
07/06/2020,Queens,New York,36081,65942,5826
07/06/2020,Richmond,New York,36085,14205,873
07/07/2020,New York,New York,36061,27294,2414
07/07/2020,Bronx,New York,36005,48687,3839
07/07/2020,Kings,New York,36047,59734,5505
07/07/2020,Queens,New York,36081,66048,5827
07/07/2020,Richmond,New York,36085,14237,873
07/08/2020,New York,New York,36061,27414,2416
07/08/2020,Bronx,New York,36005,48770,3842
07/08/2020,Kings,New York,36047,59855,5508
07/08/2020,Queens,New York,36081,66136,5831
07/08/2020,Richmond,New York,36085,14262,875
07/09/2020,New York,New York,36061,27500,2417
07/09/2020,Bronx,New York,36005,48860,3843
07/09/2020,Kings,New York,36047,59959,5512
07/09/2020,Queens,New York,36081,66231,5831
07/09/2020,Richmond,New York,36085,14280,875
07/10/2020,New York,New York,36061,27549,2417
07/10/2020,Bronx,New York,36005,48925,3846
07/10/2020,Kings,New York,36047,60049,5514
07/10/2020,Queens,New York,36081,66321,5832
07/10/2020,Richmond,New York,36085,14293,875
07/11/2020,New York,New York,36061,27596,2419
07/11/2020,Bronx,New York,36005,48965,3847
07/11/2020,Kings,New York,36047,60122,5516
07/11/2020,Queens,New York,36081,66407,5835
07/11/2020,Richmond,New York,36085,14306,875
07/12/2020,New York,New York,36061,27638,2419
07/12/2020,Bronx,New York,36005,49009,3847
07/12/2020,Kings,New York,36047,60177,5518
07/12/2020,Queens,New York,36081,66477,5837
07/12/2020,Richmond,New York,36085,14319,875
07/13/2020,New York,New York,36061,27717,2423
07/13/2020,Bronx,New York,36005,49117,3852
07/13/2020,Kings,New York,36047,60300,5519
07/13/2020,Queens,New York,36081,66615,5841
07/13/2020,Richmond,New York,36085,14354,875
07/14/2020,New York,New York,36061,27798,2424
07/14/2020,Bronx,New York,36005,49187,3854
07/14/2020,Kings,New York,36047,60411,5523
07/14/2020,Queens,New York,36081,66737,5844
07/14/2020,Richmond,New York,36085,14373,875
07/15/2020,New York,New York,36061,27868,2425
07/15/2020,Bronx,New York,36005,49294,3856
07/15/2020,Kings,New York,36047,60560,5525
07/15/2020,Queens,New York,36081,66828,5851
07/15/2020,Richmond,New York,36085,14395,875
07/16/2020,New York,New York,36061,27955,2426
07/16/2020,Bronx,New York,36005,49389,3857
07/16/2020,Kings,New York,36047,60650,5526
07/16/2020,Queens,New York,36081,66937,5854
07/16/2020,Richmond,New York,36085,14430,875
07/17/2020,New York,New York,36061,28064,2429
07/17/2020,Bronx,New York,36005,49464,3858
07/17/2020,Kings,New York,36047,60755,5526
07/17/2020,Queens,New York,36081,67042,5861
07/17/2020,Richmond,New York,36085,14453,875
07/18/2020,New York,New York,36061,28100,2431
07/18/2020,Bronx,New York,36005,49518,3859
07/18/2020,Kings,New York,36047,60813,5530
07/18/2020,Queens,New York,36081,67091,5863
07/18/2020,Richmond,New York,36085,14472,875
07/19/2020,New York,New York,36061,28134,2434
07/19/2020,Bronx,New York,36005,49556,3860
07/19/2020,Kings,New York,36047,60853,5533
07/19/2020,Queens,New York,36081,67137,5863
07/19/2020,Richmond,New York,36085,14489,875
07/20/2020,New York,New York,36061,28214,2436
07/20/2020,Bronx,New York,36005,49651,3861
07/20/2020,Kings,New York,36047,60938,5536
07/20/2020,Queens,New York,36081,67246,5864
07/20/2020,Richmond,New York,36085,14521,875
07/21/2020,New York,New York,36061,28283,2436
07/21/2020,Bronx,New York,36005,49722,3863
07/21/2020,Kings,New York,36047,61017,5539
07/21/2020,Queens,New York,36081,67346,5865
07/21/2020,Richmond,New York,36085,14542,875
07/22/2020,New York,New York,36061,28342,2436
07/22/2020,Bronx,New York,36005,49801,3865
07/22/2020,Kings,New York,36047,61113,5540
07/22/2020,Queens,New York,36081,67422,5869
07/22/2020,Richmond,New York,36085,14562,875
07/23/2020,New York,New York,36061,28407,2436
07/23/2020,Bronx,New York,36005,49870,3865
07/23/2020,Kings,New York,36047,61197,5543
07/23/2020,Queens,New York,36081,67485,5874
07/23/2020,Richmond,New York,36085,14589,875
07/24/2020,New York,New York,36061,28463,2436
07/24/2020,Bronx,New York,36005,49943,3866
07/24/2020,Kings,New York,36047,61265,5545
07/24/2020,Queens,New York,36081,67560,5875
07/24/2020,Richmond,New York,36085,14617,876
07/25/2020,New York,New York,36061,28497,2437
07/25/2020,Bronx,New York,36005,49968,3872
07/25/2020,Kings,New York,36047,61300,5547
07/25/2020,Queens,New York,36081,67606,5877
07/25/2020,Richmond,New York,36085,14630,876
07/26/2020,New York,New York,36061,28515,2437
07/26/2020,Bronx,New York,36005,49998,3873
07/26/2020,Kings,New York,36047,61340,5551
07/26/2020,Queens,New York,36081,67639,5879
07/26/2020,Richmond,New York,36085,14649,876
07/27/2020,New York,New York,36061,28588,2438
07/27/2020,Bronx,New York,36005,50056,3874
07/27/2020,Kings,New York,36047,61419,5552
07/27/2020,Queens,New York,36081,67717,5880
07/27/2020,Richmond,New York,36085,14675,876
07/28/2020,New York,New York,36061,28646,2440
07/28/2020,Bronx,New York,36005,50114,3879
07/28/2020,Kings,New York,36047,61525,5553
07/28/2020,Queens,New York,36081,67790,5883
07/28/2020,Richmond,New York,36085,14693,876
07/29/2020,New York,New York,36061,28702,2441
07/29/2020,Bronx,New York,36005,50194,3880
07/29/2020,Kings,New York,36047,61598,5554
07/29/2020,Queens,New York,36081,67857,5884
07/29/2020,Richmond,New York,36085,14706,877
07/30/2020,New York,New York,36061,28746,2442
07/30/2020,Bronx,New York,36005,50252,3881
07/30/2020,Kings,New York,36047,61696,5556
07/30/2020,Queens,New York,36081,67918,5884
07/30/2020,Richmond,New York,36085,14718,877
07/31/2020,New York,New York,36061,28798,2442
07/31/2020,Bronx,New York,36005,50307,3882
07/31/2020,Kings,New York,36047,61775,5557
07/31/2020,Queens,New York,36081,67976,5885
07/31/2020,Richmond,New York,36085,14736,877
08/01/2020,New York,New York,36061,28831,2442
08/01/2020,Bronx,New York,36005,50344,3884
08/01/2020,Kings,New York,36047,61833,5560
08/01/2020,Queens,New York,36081,68030,5886
08/01/2020,Richmond,New York,36085,14743,877
08/02/2020,New York,New York,36061,28856,2442
08/02/2020,Bronx,New York,36005,50374,3884
08/02/2020,Kings,New York,36047,61874,5562
08/02/2020,Queens,New York,36081,68063,5886
08/02/2020,Richmond,New York,36085,14751,877
08/03/2020,New York,New York,36061,28912,2442
08/03/2020,Bronx,New York,36005,50470,3885
08/03/2020,Kings,New York,36047,61967,5562
08/03/2020,Queens,New York,36081,68147,5887
08/03/2020,Richmond,New York,36085,14770,877
08/04/2020,New York,New York,36061,28950,2443
08/04/2020,Bronx,New York,36005,50517,3886
08/04/2020,Kings,New York,36047,62016,5563
08/04/2020,Queens,New York,36081,68193,5888
08/04/2020,Richmond,New York,36085,14777,877
08/05/2020,New York,New York,36061,28997,2445
08/05/2020,Bronx,New York,36005,50583,3887
08/05/2020,Kings,New York,36047,62106,5563
08/05/2020,Queens,New York,36081,68273,5891
08/05/2020,Richmond,New York,36085,14792,877
08/06/2020,New York,New York,36061,29051,2446
08/06/2020,Bronx,New York,36005,50648,3888
08/06/2020,Kings,New York,36047,62193,5565
08/06/2020,Queens,New York,36081,68338,5892
08/06/2020,Richmond,New York,36085,14810,877
08/07/2020,New York,New York,36061,29100,2446
08/07/2020,Bronx,New York,36005,50701,3888
08/07/2020,Kings,New York,36047,62284,5565
08/07/2020,Queens,New York,36081,68395,5894
08/07/2020,Richmond,New York,36085,14817,877
08/08/2020,New York,New York,36061,29123,2449
08/08/2020,Bronx,New York,36005,50731,3888
08/08/2020,Kings,New York,36047,62342,5566
08/08/2020,Queens,New York,36081,68438,5894
08/08/2020,Richmond,New York,36085,14824,877
08/09/2020,New York,New York,36061,29141,2449
08/09/2020,Bronx,New York,36005,50750,3889
08/09/2020,Kings,New York,36047,62390,5566
08/09/2020,Queens,New York,36081,68474,5896
08/09/2020,Richmond,New York,36085,14836,877
08/10/2020,New York,New York,36061,29190,2450
08/10/2020,Bronx,New York,36005,50839,3890
08/10/2020,Kings,New York,36047,62464,5567
08/10/2020,Queens,New York,36081,68550,5898
08/10/2020,Richmond,New York,36085,14858,877
08/11/2020,New York,New York,36061,29232,2452
08/11/2020,Bronx,New York,36005,50909,3890
08/11/2020,Kings,New York,36047,62547,5568
08/11/2020,Queens,New York,36081,68601,5899
08/11/2020,Richmond,New York,36085,14876,877
08/12/2020,New York,New York,36061,29275,2452
08/12/2020,Bronx,New York,36005,50968,3891
08/12/2020,Kings,New York,36047,62661,5568
08/12/2020,Queens,New York,36081,68687,5899
08/12/2020,Richmond,New York,36085,14894,877
08/13/2020,New York,New York,36061,29326,2452
08/13/2020,Bronx,New York,36005,51028,3892
08/13/2020,Kings,New York,36047,62748,5570
08/13/2020,Queens,New York,36081,68754,5899
08/13/2020,Richmond,New York,36085,14906,877
08/14/2020,New York,New York,36061,29370,2453
08/14/2020,Bronx,New York,36005,51096,3893
08/14/2020,Kings,New York,36047,62828,5570
08/14/2020,Queens,New York,36081,68823,5899
08/14/2020,Richmond,New York,36085,14922,878
08/15/2020,New York,New York,36061,29395,2454
08/15/2020,Bronx,New York,36005,51138,3895
08/15/2020,Kings,New York,36047,62861,5571
08/15/2020,Queens,New York,36081,68865,5899
08/15/2020,Richmond,New York,36085,14931,878
08/16/2020,New York,New York,36061,29417,2454
08/16/2020,Bronx,New York,36005,51161,3897
08/16/2020,Kings,New York,36047,62910,5572
08/16/2020,Queens,New York,36081,68904,5901
08/16/2020,Richmond,New York,36085,14938,878
08/17/2020,New York,New York,36061,29474,2455
08/17/2020,Bronx,New York,36005,51232,3897
08/17/2020,Kings,New York,36047,63006,5573
08/17/2020,Queens,New York,36081,69000,5903
08/17/2020,Richmond,New York,36085,14952,879
08/18/2020,New York,New York,36061,29536,2455
08/18/2020,Bronx,New York,36005,51287,3898
08/18/2020,Kings,New York,36047,63072,5573
08/18/2020,Queens,New York,36081,69087,5903
08/18/2020,Richmond,New York,36085,14966,879
08/19/2020,New York,New York,36061,29587,2455
08/19/2020,Bronx,New York,36005,51337,3898
08/19/2020,Kings,New York,36047,63141,5574
08/19/2020,Queens,New York,36081,69156,5903
08/19/2020,Richmond,New York,36085,14984,879
08/20/2020,New York,New York,36061,29620,2455
08/20/2020,Bronx,New York,36005,51400,3900
08/20/2020,Kings,New York,36047,63197,5577
08/20/2020,Queens,New York,36081,69210,5904
08/20/2020,Richmond,New York,36085,15004,879
08/21/2020,New York,New York,36061,29671,2455
08/21/2020,Bronx,New York,36005,51452,3900
08/21/2020,Kings,New York,36047,63272,5577
08/21/2020,Queens,New York,36081,69271,5907
08/21/2020,Richmond,New York,36085,15018,879
08/22/2020,New York,New York,36061,29701,2456
08/22/2020,Bronx,New York,36005,51481,3900
08/22/2020,Kings,New York,36047,63308,5579
08/22/2020,Queens,New York,36081,69305,5908
08/22/2020,Richmond,New York,36085,15025,880
08/23/2020,New York,New York,36061,29717,2457
08/23/2020,Bronx,New York,36005,51513,3902
08/23/2020,Kings,New York,36047,63363,5579
08/23/2020,Queens,New York,36081,69345,5908
08/23/2020,Richmond,New York,36085,15032,880
08/24/2020,New York,New York,36061,29767,2458
08/24/2020,Bronx,New York,36005,51577,3907
08/24/2020,Kings,New York,36047,63448,5580
08/24/2020,Queens,New York,36081,69429,5908
08/24/2020,Richmond,New York,36085,15047,881
08/25/2020,New York,New York,36061,29821,2458
08/25/2020,Bronx,New York,36005,51641,3909
08/25/2020,Kings,New York,36047,63532,5582
08/25/2020,Queens,New York,36081,69498,5908
08/25/2020,Richmond,New York,36085,15059,881
08/26/2020,New York,New York,36061,29872,2459
08/26/2020,Bronx,New York,36005,51705,3910
08/26/2020,Kings,New York,36047,63648,5583
08/26/2020,Queens,New York,36081,69564,5911
08/26/2020,Richmond,New York,36085,15075,881
08/27/2020,New York,New York,36061,29920,2459
08/27/2020,Bronx,New York,36005,51757,3911
08/27/2020,Kings,New York,36047,63747,5583
08/27/2020,Queens,New York,36081,69625,5911
08/27/2020,Richmond,New York,36085,15088,881
08/28/2020,New York,New York,36061,29971,2460
08/28/2020,Bronx,New York,36005,51834,3914
08/28/2020,Kings,New York,36047,63825,5583
08/28/2020,Queens,New York,36081,69677,5912
08/28/2020,Richmond,New York,36085,15109,881
08/29/2020,New York,New York,36061,29994,2460
08/29/2020,Bronx,New York,36005,51862,3915
08/29/2020,Kings,New York,36047,63863,5584
08/29/2020,Queens,New York,36081,69709,5912
08/29/2020,Richmond,New York,36085,15116,881
08/30/2020,New York,New York,36061,30031,2460
08/30/2020,Bronx,New York,36005,51882,3917
08/30/2020,Kings,New York,36047,63924,5585
08/30/2020,Queens,New York,36081,69751,5913
08/30/2020,Richmond,New York,36085,15141,881
08/31/2020,New York,New York,36061,30082,2460
08/31/2020,Bronx,New York,36005,51928,3918
08/31/2020,Kings,New York,36047,64041,5585
08/31/2020,Queens,New York,36081,69828,5913
08/31/2020,Richmond,New York,36085,15163,881
09/01/2020,New York,New York,36061,30137,2460
09/01/2020,Bronx,New York,36005,51980,3919
09/01/2020,Kings,New York,36047,64132,5585
09/01/2020,Queens,New York,36081,69901,5914
09/01/2020,Richmond,New York,36085,15187,882
09/02/2020,New York,New York,36061,30185,2461
09/02/2020,Bronx,New York,36005,52022,3919
09/02/2020,Kings,New York,36047,64226,5587
09/02/2020,Queens,New York,36081,69971,5915
09/02/2020,Richmond,New York,36085,15204,882
09/03/2020,New York,New York,36061,30220,2461
09/03/2020,Bronx,New York,36005,52062,3921
09/03/2020,Kings,New York,36047,64317,5589
09/03/2020,Queens,New York,36081,70061,5916
09/03/2020,Richmond,New York,36085,15221,882
09/04/2020,New York,New York,36061,30250,2462
09/04/2020,Bronx,New York,36005,52106,3922
09/04/2020,Kings,New York,36047,64388,5590
09/04/2020,Queens,New York,36081,70120,5918
09/04/2020,Richmond,New York,36085,15247,882
09/05/2020,New York,New York,36061,30272,2462
09/05/2020,Bronx,New York,36005,52137,3922
09/05/2020,Kings,New York,36047,64434,5593
09/05/2020,Queens,New York,36081,70154,5918
09/05/2020,Richmond,New York,36085,15271,882
09/06/2020,New York,New York,36061,30299,2463
09/06/2020,Bronx,New York,36005,52155,3924
09/06/2020,Kings,New York,36047,64521,5595
09/06/2020,Queens,New York,36081,70216,5920
09/06/2020,Richmond,New York,36085,15284,882
09/07/2020,New York,New York,36061,30340,2463
09/07/2020,Bronx,New York,36005,52187,3924
09/07/2020,Kings,New York,36047,64595,5595
09/07/2020,Queens,New York,36081,70268,5921
09/07/2020,Richmond,New York,36085,15303,882
09/08/2020,New York,New York,36061,30398,2463
09/08/2020,Bronx,New York,36005,52268,3925
09/08/2020,Kings,New York,36047,64723,5596
09/08/2020,Queens,New York,36081,70365,5921
09/08/2020,Richmond,New York,36085,15333,882
09/09/2020,New York,New York,36061,30468,2463
09/09/2020,Bronx,New York,36005,52324,3926
09/09/2020,Kings,New York,36047,64842,5596
09/09/2020,Queens,New York,36081,70447,5921
09/09/2020,Richmond,New York,36085,15358,882
09/10/2020,New York,New York,36061,30525,2463
09/10/2020,Bronx,New York,36005,52369,3927
09/10/2020,Kings,New York,36047,64966,5597
09/10/2020,Queens,New York,36081,70517,5923
09/10/2020,Richmond,New York,36085,15385,882
09/11/2020,New York,New York,36061,30579,2463
09/11/2020,Bronx,New York,36005,52424,3929
09/11/2020,Kings,New York,36047,65076,5599
09/11/2020,Queens,New York,36081,70594,5923
09/11/2020,Richmond,New York,36085,15401,882
09/12/2020,New York,New York,36061,30615,2463
09/12/2020,Bronx,New York,36005,52459,3930
09/12/2020,Kings,New York,36047,65127,5599
09/12/2020,Queens,New York,36081,70655,5926
09/12/2020,Richmond,New York,36085,15420,882
09/13/2020,New York,New York,36061,30657,2463
09/13/2020,Bronx,New York,36005,52478,3930
09/13/2020,Kings,New York,36047,65241,5601
09/13/2020,Queens,New York,36081,70721,5927
09/13/2020,Richmond,New York,36085,15433,882
09/14/2020,New York,New York,36061,30725,2463
09/14/2020,Bronx,New York,36005,52553,3931
09/14/2020,Kings,New York,36047,65408,5603
09/14/2020,Queens,New York,36081,70818,5929
09/14/2020,Richmond,New York,36085,15459,882
09/15/2020,New York,New York,36061,30770,2463
09/15/2020,Bronx,New York,36005,52607,3933
09/15/2020,Kings,New York,36047,65557,5603
09/15/2020,Queens,New York,36081,70890,5930
09/15/2020,Richmond,New York,36085,15477,882
09/16/2020,New York,New York,36061,30825,2464
09/16/2020,Bronx,New York,36005,52656,3934
09/16/2020,Kings,New York,36047,65721,5603
09/16/2020,Queens,New York,36081,70972,5933
09/16/2020,Richmond,New York,36085,15494,883
09/17/2020,New York,New York,36061,30879,2464
09/17/2020,Bronx,New York,36005,52715,3935
09/17/2020,Kings,New York,36047,65843,5604
09/17/2020,Queens,New York,36081,71065,5935
09/17/2020,Richmond,New York,36085,15519,883
09/18/2020,New York,New York,36061,30923,2464
09/18/2020,Bronx,New York,36005,52760,3936
09/18/2020,Kings,New York,36047,65947,5606
09/18/2020,Queens,New York,36081,71131,5935
09/18/2020,Richmond,New York,36085,15543,883
09/19/2020,New York,New York,36061,30947,2465
09/19/2020,Bronx,New York,36005,52790,3937
09/19/2020,Kings,New York,36047,65984,5608
09/19/2020,Queens,New York,36081,71184,5936
09/19/2020,Richmond,New York,36085,15556,883
09/20/2020,New York,New York,36061,30973,2466
09/20/2020,Bronx,New York,36005,52814,3937
09/20/2020,Kings,New York,36047,66044,5611
09/20/2020,Queens,New York,36081,71212,5937
09/20/2020,Richmond,New York,36085,15577,883
09/21/2020,New York,New York,36061,31030,2467
09/21/2020,Bronx,New York,36005,52883,3938
09/21/2020,Kings,New York,36047,66292,5612
09/21/2020,Queens,New York,36081,71327,5937
09/21/2020,Richmond,New York,36085,15601,883
09/22/2020,New York,New York,36061,31081,2467
09/22/2020,Bronx,New York,36005,52942,3938
09/22/2020,Kings,New York,36047,66463,5615
09/22/2020,Queens,New York,36081,71426,5937
09/22/2020,Richmond,New York,36085,15627,883
09/23/2020,New York,New York,36061,31154,2468
09/23/2020,Bronx,New York,36005,53022,3939
09/23/2020,Kings,New York,36047,66697,5616
09/23/2020,Queens,New York,36081,71530,5937
09/23/2020,Richmond,New York,36085,15664,884
09/24/2020,New York,New York,36061,31212,2470
09/24/2020,Bronx,New York,36005,53085,3939
09/24/2020,Kings,New York,36047,66933,5617
09/24/2020,Queens,New York,36081,71622,5937
09/24/2020,Richmond,New York,36085,15690,884
09/25/2020,New York,New York,36061,31280,2471
09/25/2020,Bronx,New York,36005,53133,3941
09/25/2020,Kings,New York,36047,67120,5617
09/25/2020,Queens,New York,36081,71746,5938
09/25/2020,Richmond,New York,36085,15718,884
09/26/2020,New York,New York,36061,31315,2471
09/26/2020,Bronx,New York,36005,53175,3944
09/26/2020,Kings,New York,36047,67228,5618
09/26/2020,Queens,New York,36081,71807,5939
09/26/2020,Richmond,New York,36085,15751,884
09/27/2020,New York,New York,36061,31350,2471
09/27/2020,Bronx,New York,36005,53207,3944
09/27/2020,Kings,New York,36047,67409,5620
09/27/2020,Queens,New York,36081,71913,5939
09/27/2020,Richmond,New York,36085,15779,884
09/28/2020,New York,New York,36061,31408,2471
09/28/2020,Bronx,New York,36005,53289,3945
09/28/2020,Kings,New York,36047,67548,5621
09/28/2020,Queens,New York,36081,72022,5940
09/28/2020,Richmond,New York,36085,15826,884
09/29/2020,New York,New York,36061,31489,2471
09/29/2020,Bronx,New York,36005,53353,3948
09/29/2020,Kings,New York,36047,67882,5623
09/29/2020,Queens,New York,36081,72196,5942
09/29/2020,Richmond,New York,36085,15859,884
09/30/2020,New York,New York,36061,31575,2472
09/30/2020,Bronx,New York,36005,53405,3951
09/30/2020,Kings,New York,36047,68152,5627
09/30/2020,Queens,New York,36081,72330,5942
09/30/2020,Richmond,New York,36085,15899,884
10/01/2020,New York,New York,36061,31662,2472
10/01/2020,Bronx,New York,36005,53481,3951
10/01/2020,Kings,New York,36047,68444,5628
10/01/2020,Queens,New York,36081,72464,5946
10/01/2020,Richmond,New York,36085,15924,884
10/02/2020,New York,New York,36061,31739,2472
10/02/2020,Bronx,New York,36005,53561,3951
10/02/2020,Kings,New York,36047,68707,5629
10/02/2020,Queens,New York,36081,72604,5948
10/02/2020,Richmond,New York,36085,15959,884
10/03/2020,New York,New York,36061,31786,2472
10/03/2020,Bronx,New York,36005,53595,3952
10/03/2020,Kings,New York,36047,68788,5630
10/03/2020,Queens,New York,36081,72701,5950
10/03/2020,Richmond,New York,36085,15976,885
10/04/2020,New York,New York,36061,31815,2472
10/04/2020,Bronx,New York,36005,53629,3952
10/04/2020,Kings,New York,36047,68950,5633
10/04/2020,Queens,New York,36081,72785,5953
10/04/2020,Richmond,New York,36085,16002,886
10/05/2020,New York,New York,36061,31899,2472
10/05/2020,Bronx,New York,36005,53723,3952
10/05/2020,Kings,New York,36047,69305,5633
10/05/2020,Queens,New York,36081,72980,5953
10/05/2020,Richmond,New York,36085,16039,886
10/06/2020,New York,New York,36061,31976,2472
10/06/2020,Bronx,New York,36005,53790,3952
10/06/2020,Kings,New York,36047,69554,5635
10/06/2020,Queens,New York,36081,73125,5954
10/06/2020,Richmond,New York,36085,16068,886
10/07/2020,New York,New York,36061,32051,2473
10/07/2020,Bronx,New York,36005,53865,3953
10/07/2020,Kings,New York,36047,69777,5636
10/07/2020,Queens,New York,36081,73257,5955
10/07/2020,Richmond,New York,36085,16105,886
10/08/2020,New York,New York,36061,32130,2473
10/08/2020,Bronx,New York,36005,53948,3954
10/08/2020,Kings,New York,36047,69993,5639
10/08/2020,Queens,New York,36081,73369,5957
10/08/2020,Richmond,New York,36085,16138,886
10/09/2020,New York,New York,36061,32204,2473
10/09/2020,Bronx,New York,36005,54040,3955
10/09/2020,Kings,New York,36047,70177,5639
10/09/2020,Queens,New York,36081,73512,5958
10/09/2020,Richmond,New York,36085,16169,886
10/10/2020,New York,New York,36061,32250,2473
10/10/2020,Bronx,New York,36005,54076,3956
10/10/2020,Kings,New York,36047,70272,5639
10/10/2020,Queens,New York,36081,73610,5960
10/10/2020,Richmond,New York,36085,16205,887
10/11/2020,New York,New York,36061,32279,2475
10/11/2020,Bronx,New York,36005,54114,3958
10/11/2020,Kings,New York,36047,70387,5641
10/11/2020,Queens,New York,36081,73695,5961
10/11/2020,Richmond,New York,36085,16219,887
10/12/2020,New York,New York,36061,32364,2479
10/12/2020,Bronx,New York,36005,54168,3959
10/12/2020,Kings,New York,36047,70610,5642
10/12/2020,Queens,New York,36081,73811,5962
10/12/2020,Richmond,New York,36085,16256,888
10/13/2020,New York,New York,36061,32464,2479
10/13/2020,Bronx,New York,36005,54259,3959
10/13/2020,Kings,New York,36047,70835,5645
10/13/2020,Queens,New York,36081,73938,5963
10/13/2020,Richmond,New York,36085,16301,888
10/14/2020,New York,New York,36061,32548,2479
10/14/2020,Bronx,New York,36005,54348,3961
10/14/2020,Kings,New York,36047,71047,5648
10/14/2020,Queens,New York,36081,74097,5964
10/14/2020,Richmond,New York,36085,16335,888
10/15/2020,New York,New York,36061,32638,2481
10/15/2020,Bronx,New York,36005,54439,3962
10/15/2020,Kings,New York,36047,71285,5650
10/15/2020,Queens,New York,36081,74239,5967
10/15/2020,Richmond,New York,36085,16375,888
10/16/2020,New York,New York,36061,32730,2483
10/16/2020,Bronx,New York,36005,54517,3963
10/16/2020,Kings,New York,36047,71447,5653
10/16/2020,Queens,New York,36081,74371,5968
10/16/2020,Richmond,New York,36085,16413,888
10/17/2020,New York,New York,36061,32791,2483
10/17/2020,Bronx,New York,36005,54581,3964
10/17/2020,Kings,New York,36047,71538,5656
10/17/2020,Queens,New York,36081,74481,5970
10/17/2020,Richmond,New York,36085,16452,888
10/18/2020,New York,New York,36061,32831,2483
10/18/2020,Bronx,New York,36005,54626,3966
10/18/2020,Kings,New York,36047,71709,5657
10/18/2020,Queens,New York,36081,74604,5970
10/18/2020,Richmond,New York,36085,16485,889
10/19/2020,New York,New York,36061,32932,2483
10/19/2020,Bronx,New York,36005,54733,3966
10/19/2020,Kings,New York,36047,71913,5663
10/19/2020,Queens,New York,36081,74782,5970
10/19/2020,Richmond,New York,36085,16520,890
10/20/2020,New York,New York,36061,33036,2484
10/20/2020,Bronx,New York,36005,54824,3966
10/20/2020,Kings,New York,36047,72127,5665
10/20/2020,Queens,New York,36081,74936,5973
10/20/2020,Richmond,New York,36085,16558,890
10/21/2020,New York,New York,36061,33153,2485
10/21/2020,Bronx,New York,36005,54920,3966
10/21/2020,Kings,New York,36047,72330,5668
10/21/2020,Queens,New York,36081,75123,5973
10/21/2020,Richmond,New York,36085,16607,891
10/22/2020,New York,New York,36061,33288,2485
10/22/2020,Bronx,New York,36005,55042,3966
10/22/2020,Kings,New York,36047,72572,5670
10/22/2020,Queens,New York,36081,75304,5974
10/22/2020,Richmond,New York,36085,16683,891
10/23/2020,New York,New York,36061,33367,2486
10/23/2020,Bronx,New York,36005,55157,3967
10/23/2020,Kings,New York,36047,72770,5670
10/23/2020,Queens,New York,36081,75466,5975
10/23/2020,Richmond,New York,36085,16731,892
10/24/2020,New York,New York,36061,33425,2486
10/24/2020,Bronx,New York,36005,55229,3967
10/24/2020,Kings,New York,36047,72889,5670
10/24/2020,Queens,New York,36081,75569,5976
10/24/2020,Richmond,New York,36085,16763,892
10/25/2020,New York,New York,36061,33473,2488
10/25/2020,Bronx,New York,36005,55295,3969
10/25/2020,Kings,New York,36047,73017,5673
10/25/2020,Queens,New York,36081,75655,5977
10/25/2020,Richmond,New York,36085,16795,893
10/26/2020,New York,New York,36061,33592,2489
10/26/2020,Bronx,New York,36005,55427,3969
10/26/2020,Kings,New York,36047,73238,5675
10/26/2020,Queens,New York,36081,75808,5978
10/26/2020,Richmond,New York,36085,16864,893
10/27/2020,New York,New York,36061,33718,2490
10/27/2020,Bronx,New York,36005,55546,3972
10/27/2020,Kings,New York,36047,73474,5678
10/27/2020,Queens,New York,36081,75988,5979
10/27/2020,Richmond,New York,36085,16941,893
10/28/2020,New York,New York,36061,33854,2490
10/28/2020,Bronx,New York,36005,55671,3972
10/28/2020,Kings,New York,36047,73705,5681
10/28/2020,Queens,New York,36081,76191,5979
10/28/2020,Richmond,New York,36085,17031,894
10/29/2020,New York,New York,36061,33969,2491
10/29/2020,Bronx,New York,36005,55771,3972
10/29/2020,Kings,New York,36047,73897,5683
10/29/2020,Queens,New York,36081,76346,5980
10/29/2020,Richmond,New York,36085,17086,894
10/30/2020,New York,New York,36061,34071,2493
10/30/2020,Bronx,New York,36005,55886,3973
10/30/2020,Kings,New York,36047,74088,5687
10/30/2020,Queens,New York,36081,76513,5981
10/30/2020,Richmond,New York,36085,17163,896
10/31/2020,New York,New York,36061,34123,2493
10/31/2020,Bronx,New York,36005,55951,3973
10/31/2020,Kings,New York,36047,74206,5689
10/31/2020,Queens,New York,36081,76630,5983
10/31/2020,Richmond,New York,36085,17215,896
11/01/2020,New York,New York,36061,34189,2493
11/01/2020,Bronx,New York,36005,56008,3973
11/01/2020,Kings,New York,36047,74436,5698
11/01/2020,Queens,New York,36081,76730,5985
11/01/2020,Richmond,New York,36085,17259,897
11/02/2020,New York,New York,36061,34333,2494
11/02/2020,Bronx,New York,36005,56167,3974
11/02/2020,Kings,New York,36047,74772,5705
11/02/2020,Queens,New York,36081,76950,5986
11/02/2020,Richmond,New York,36085,17352,897
11/03/2020,New York,New York,36061,34491,2496
11/03/2020,Bronx,New York,36005,56320,3976
11/03/2020,Kings,New York,36047,75091,5711
11/03/2020,Queens,New York,36081,77130,5988
11/03/2020,Richmond,New York,36085,17444,897
11/04/2020,New York,New York,36061,34691,2496
11/04/2020,Bronx,New York,36005,56506,3976
11/04/2020,Kings,New York,36047,75401,5718
11/04/2020,Queens,New York,36081,77407,5989
11/04/2020,Richmond,New York,36085,17581,898
11/05/2020,New York,New York,36061,34903,2496
11/05/2020,Bronx,New York,36005,56704,3979
11/05/2020,Kings,New York,36047,75713,5722
11/05/2020,Queens,New York,36081,77713,5991
11/05/2020,Richmond,New York,36085,17691,898
11/06/2020,New York,New York,36061,35082,2496
11/06/2020,Bronx,New York,36005,56895,3983
11/06/2020,Kings,New York,36047,75951,5724
11/06/2020,Queens,New York,36081,78010,5994
11/06/2020,Richmond,New York,36085,17820,899
11/07/2020,New York,New York,36061,35229,2498
11/07/2020,Bronx,New York,36005,57029,3984
11/07/2020,Kings,New York,36047,76174,5729
11/07/2020,Queens,New York,36081,78260,5998
11/07/2020,Richmond,New York,36085,17909,900
11/08/2020,New York,New York,36061,35362,2498
11/08/2020,Bronx,New York,36005,57135,3986
11/08/2020,Kings,New York,36047,76398,5731
11/08/2020,Queens,New York,36081,78486,6000
11/08/2020,Richmond,New York,36085,18008,901
11/09/2020,New York,New York,36061,35631,2498
11/09/2020,Bronx,New York,36005,57375,3986
11/09/2020,Kings,New York,36047,76814,5732
11/09/2020,Queens,New York,36081,78903,6003
11/09/2020,Richmond,New York,36085,18211,901
11/10/2020,New York,New York,36061,35938,2500
11/10/2020,Bronx,New York,36005,57649,3988
11/10/2020,Kings,New York,36047,77270,5734
11/10/2020,Queens,New York,36081,79309,6004
11/10/2020,Richmond,New York,36085,18356,901
11/11/2020,New York,New York,36061,36226,2503
11/11/2020,Bronx,New York,36005,57886,3989
11/11/2020,Kings,New York,36047,77663,5736
11/11/2020,Queens,New York,36081,79755,6006
11/11/2020,Richmond,New York,36085,18525,902
11/12/2020,New York,New York,36061,36526,2505
11/12/2020,Bronx,New York,36005,58133,3993
11/12/2020,Kings,New York,36047,78046,5742
11/12/2020,Queens,New York,36081,80162,6008
11/12/2020,Richmond,New York,36085,18689,904
11/13/2020,New York,New York,36061,36789,2506
11/13/2020,Bronx,New York,36005,58404,3994
11/13/2020,Kings,New York,36047,78403,5743
11/13/2020,Queens,New York,36081,80592,6009
11/13/2020,Richmond,New York,36085,18862,905
11/14/2020,New York,New York,36061,36949,2507
11/14/2020,Bronx,New York,36005,58597,3995
11/14/2020,Kings,New York,36047,78642,5748
11/14/2020,Queens,New York,36081,80916,6010
11/14/2020,Richmond,New York,36085,18973,906
11/15/2020,New York,New York,36061,37083,2508
11/15/2020,Bronx,New York,36005,58731,3997
11/15/2020,Kings,New York,36047,78874,5754
11/15/2020,Queens,New York,36081,81160,6011
11/15/2020,Richmond,New York,36085,19125,910
11/16/2020,New York,New York,36061,37414,2512
11/16/2020,Bronx,New York,36005,59044,3998
11/16/2020,Kings,New York,36047,79370,5756
11/16/2020,Queens,New York,36081,81663,6012
11/16/2020,Richmond,New York,36085,19310,912
11/17/2020,New York,New York,36061,37699,2512
11/17/2020,Bronx,New York,36005,59380,3999
11/17/2020,Kings,New York,36047,79862,5759
11/17/2020,Queens,New York,36081,82085,6016
11/17/2020,Richmond,New York,36085,19500,914
11/18/2020,New York,New York,36061,38034,2512
11/18/2020,Bronx,New York,36005,59687,3999
11/18/2020,Kings,New York,36047,80326,5763
11/18/2020,Queens,New York,36081,82528,6020
11/18/2020,Richmond,New York,36085,19698,916
11/19/2020,New York,New York,36061,38381,2513
11/19/2020,Bronx,New York,36005,60049,4000
11/19/2020,Kings,New York,36047,80815,5769
11/19/2020,Queens,New York,36081,82983,6021
11/19/2020,Richmond,New York,36085,19898,916
11/20/2020,New York,New York,36061,38709,2513
11/20/2020,Bronx,New York,36005,60375,4002
11/20/2020,Kings,New York,36047,81249,5771
11/20/2020,Queens,New York,36081,83442,6023
11/20/2020,Richmond,New York,36085,20123,917
11/21/2020,New York,New York,36061,38904,2516
11/21/2020,Bronx,New York,36005,60629,4003
11/21/2020,Kings,New York,36047,81602,5774
11/21/2020,Queens,New York,36081,83768,6023
11/21/2020,Richmond,New York,36085,20284,921
11/22/2020,New York,New York,36061,39063,2516
11/22/2020,Bronx,New York,36005,60812,4007
11/22/2020,Kings,New York,36047,81941,5775
11/22/2020,Queens,New York,36081,84055,6027
11/22/2020,Richmond,New York,36085,20462,922
11/23/2020,New York,New York,36061,39474,2517
11/23/2020,Bronx,New York,36005,61249,4007
11/23/2020,Kings,New York,36047,82512,5782
11/23/2020,Queens,New York,36081,84659,6031
11/23/2020,Richmond,New York,36085,20752,923
11/24/2020,New York,New York,36061,39844,2522
11/24/2020,Bronx,New York,36005,61623,4009
11/24/2020,Kings,New York,36047,83064,5784
11/24/2020,Queens,New York,36081,85194,6035
11/24/2020,Richmond,New York,36085,20990,926
11/25/2020,New York,New York,36061,40226,2524
11/25/2020,Bronx,New York,36005,62046,4011
11/25/2020,Kings,New York,36047,83693,5788
11/25/2020,Queens,New York,36081,85825,6036
11/25/2020,Richmond,New York,36085,21285,930
11/26/2020,New York,New York,36061,40363,2525
11/26/2020,Bronx,New York,36005,62184,4012
11/26/2020,Kings,New York,36047,83936,5791
11/26/2020,Queens,New York,36081,86024,6036
11/26/2020,Richmond,New York,36085,21376,932
11/27/2020,New York,New York,36061,40748,2527
11/27/2020,Bronx,New York,36005,62570,4013
11/27/2020,Kings,New York,36047,84540,5794
11/27/2020,Queens,New York,36081,86673,6040
11/27/2020,Richmond,New York,36085,21649,937
11/28/2020,New York,New York,36061,41043,2530
11/28/2020,Bronx,New York,36005,62902,4017
11/28/2020,Kings,New York,36047,84984,5797
11/28/2020,Queens,New York,36081,87173,6042
11/28/2020,Richmond,New York,36085,21864,938
11/29/2020,New York,New York,36061,41276,2531
11/29/2020,Bronx,New York,36005,63131,4020
11/29/2020,Kings,New York,36047,85486,5800
11/29/2020,Queens,New York,36081,87657,6046
11/29/2020,Richmond,New York,36085,22142,942
11/30/2020,New York,New York,36061,41664,2532
11/30/2020,Bronx,New York,36005,63584,4025
11/30/2020,Kings,New York,36047,86349,5804
11/30/2020,Queens,New York,36081,88373,6052
11/30/2020,Richmond,New York,36085,22518,944
12/01/2020,New York,New York,36061,42143,2534
12/01/2020,Bronx,New York,36005,64164,4026
12/01/2020,Kings,New York,36047,87229,5807
12/01/2020,Queens,New York,36081,89214,6057
12/01/2020,Richmond,New York,36085,22878,953
12/02/2020,New York,New York,36061,42601,2536
12/02/2020,Bronx,New York,36005,64687,4031
12/02/2020,Kings,New York,36047,88035,5817
12/02/2020,Queens,New York,36081,90044,6063
12/02/2020,Richmond,New York,36085,23260,957
12/03/2020,New York,New York,36061,43038,2543
12/03/2020,Bronx,New York,36005,65206,4031
12/03/2020,Kings,New York,36047,88857,5821
12/03/2020,Queens,New York,36081,90811,6067
12/03/2020,Richmond,New York,36085,23595,960
12/04/2020,New York,New York,36061,43438,2545
12/04/2020,Bronx,New York,36005,65768,4036
12/04/2020,Kings,New York,36047,89618,5827
12/04/2020,Queens,New York,36081,91566,6073
12/04/2020,Richmond,New York,36085,23923,966
12/05/2020,New York,New York,36061,43644,2547
12/05/2020,Bronx,New York,36005,66095,4039
12/05/2020,Kings,New York,36047,90124,5833
12/05/2020,Queens,New York,36081,92163,6081
12/05/2020,Richmond,New York,36085,24169,970
12/06/2020,New York,New York,36061,43862,2549
12/06/2020,Bronx,New York,36005,66343,4041
12/06/2020,Kings,New York,36047,90678,5837
12/06/2020,Queens,New York,36081,92679,6092
12/06/2020,Richmond,New York,36085,24385,972
12/07/2020,New York,New York,36061,44312,2551
12/07/2020,Bronx,New York,36005,66899,4043
12/07/2020,Kings,New York,36047,91641,5844
12/07/2020,Queens,New York,36081,93646,6098
12/07/2020,Richmond,New York,36085,24755,974
12/08/2020,New York,New York,36061,44765,2552
12/08/2020,Bronx,New York,36005,67400,4047
12/08/2020,Kings,New York,36047,92563,5852
12/08/2020,Queens,New York,36081,94543,6103
12/08/2020,Richmond,New York,36085,25046,978
12/09/2020,New York,New York,36061,45263,2554
12/09/2020,Bronx,New York,36005,67927,4051
12/09/2020,Kings,New York,36047,93473,5861
12/09/2020,Queens,New York,36081,95395,6110
12/09/2020,Richmond,New York,36085,25364,983
12/10/2020,New York,New York,36061,45724,2559
12/10/2020,Bronx,New York,36005,68497,4058
12/10/2020,Kings,New York,36047,94415,5863
12/10/2020,Queens,New York,36081,96290,6119
12/10/2020,Richmond,New York,36085,25640,985
12/11/2020,New York,New York,36061,46220,2561
12/11/2020,Bronx,New York,36005,68996,4061
12/11/2020,Kings,New York,36047,95249,5871
12/11/2020,Queens,New York,36081,97171,6129
12/11/2020,Richmond,New York,36085,25906,992
12/12/2020,New York,New York,36061,46518,2564
12/12/2020,Bronx,New York,36005,69387,4066
12/12/2020,Kings,New York,36047,95843,5880
12/12/2020,Queens,New York,36081,97870,6138
12/12/2020,Richmond,New York,36085,26124,1000
12/13/2020,New York,New York,36061,46813,2571
12/13/2020,Bronx,New York,36005,69699,4070
12/13/2020,Kings,New York,36047,96488,5885
12/13/2020,Queens,New York,36081,98543,6141
12/13/2020,Richmond,New York,36085,26372,1006
12/14/2020,New York,New York,36061,47311,2574
12/14/2020,Bronx,New York,36005,70311,4074
12/14/2020,Kings,New York,36047,97595,5891
12/14/2020,Queens,New York,36081,99548,6154
12/14/2020,Richmond,New York,36085,26722,1010
12/15/2020,New York,New York,36061,47862,2578
12/15/2020,Bronx,New York,36005,70945,4076
12/15/2020,Kings,New York,36047,98654,5902
12/15/2020,Queens,New York,36081,100634,6163
12/15/2020,Richmond,New York,36085,27059,1016
12/16/2020,New York,New York,36061,48315,2581
12/16/2020,Bronx,New York,36005,71388,4084
12/16/2020,Kings,New York,36047,99496,5917
12/16/2020,Queens,New York,36081,101443,6172
12/16/2020,Richmond,New York,36085,27295,1020
12/17/2020,New York,New York,36061,48654,2587
12/17/2020,Bronx,New York,36005,71651,4091
12/17/2020,Kings,New York,36047,100144,5923
12/17/2020,Queens,New York,36081,101931,6182
12/17/2020,Richmond,New York,36085,27480,1025
12/18/2020,New York,New York,36061,49176,2590
12/18/2020,Bronx,New York,36005,72272,4098
12/18/2020,Kings,New York,36047,101168,5936
12/18/2020,Queens,New York,36081,102856,6194
12/18/2020,Richmond,New York,36085,27816,1029
12/19/2020,New York,New York,36061,49508,2594
12/19/2020,Bronx,New York,36005,72675,4104
12/19/2020,Kings,New York,36047,101933,5945
12/19/2020,Queens,New York,36081,103653,6202
12/19/2020,Richmond,New York,36085,28076,1033
12/20/2020,New York,New York,36061,49802,2601
12/20/2020,Bronx,New York,36005,72967,4108
12/20/2020,Kings,New York,36047,102699,5950
12/20/2020,Queens,New York,36081,104356,6208
12/20/2020,Richmond,New York,36085,28369,1040
12/21/2020,New York,New York,36061,50397,2611
12/21/2020,Bronx,New York,36005,73681,4113
12/21/2020,Kings,New York,36047,104006,5957
12/21/2020,Queens,New York,36081,105647,6224
12/21/2020,Richmond,New York,36085,28799,1043
12/22/2020,New York,New York,36061,50939,2618
12/22/2020,Bronx,New York,36005,74411,4121
12/22/2020,Kings,New York,36047,105260,5973
12/22/2020,Queens,New York,36081,106853,6236
12/22/2020,Richmond,New York,36085,29164,1053
12/23/2020,New York,New York,36061,51458,2625
12/23/2020,Bronx,New York,36005,75050,4128
12/23/2020,Kings,New York,36047,106353,5986
12/23/2020,Queens,New York,36081,108041,6243
12/23/2020,Richmond,New York,36085,29562,1058
12/24/2020,New York,New York,36061,51890,2631
12/24/2020,Bronx,New York,36005,75549,4133
12/24/2020,Kings,New York,36047,107317,5995
12/24/2020,Queens,New York,36081,108917,6258
12/24/2020,Richmond,New York,36085,29802,1062
12/25/2020,New York,New York,36061,52046,2637
12/25/2020,Bronx,New York,36005,75703,4139
12/25/2020,Kings,New York,36047,107658,6007
12/25/2020,Queens,New York,36081,109216,6266
12/25/2020,Richmond,New York,36085,29898,1069
12/26/2020,New York,New York,36061,52472,2644
12/26/2020,Bronx,New York,36005,76237,4147
12/26/2020,Kings,New York,36047,108675,6015
12/26/2020,Queens,New York,36081,110285,6277
12/26/2020,Richmond,New York,36085,30291,1070
12/27/2020,New York,New York,36061,52785,2653
12/27/2020,Bronx,New York,36005,76717,4151
12/27/2020,Kings,New York,36047,109586,6029
12/27/2020,Queens,New York,36081,111153,6283
12/27/2020,Richmond,New York,36085,30602,1079
12/28/2020,New York,New York,36061,53454,2657
12/28/2020,Bronx,New York,36005,77730,4159
12/28/2020,Kings,New York,36047,111180,6042
12/28/2020,Queens,New York,36081,112686,6294
12/28/2020,Richmond,New York,36085,31163,1086
12/29/2020,New York,New York,36061,54066,2665
12/29/2020,Bronx,New York,36005,78722,4168
12/29/2020,Kings,New York,36047,112591,6057
12/29/2020,Queens,New York,36081,114291,6303
12/29/2020,Richmond,New York,36085,31748,1095
12/30/2020,New York,New York,36061,54714,2670
12/30/2020,Bronx,New York,36005,79688,4172
12/30/2020,Kings,New York,36047,113981,6073
12/30/2020,Queens,New York,36081,115781,6314
12/30/2020,Richmond,New York,36085,32210,1099
12/31/2020,New York,New York,36061,55099,2673
12/31/2020,Bronx,New York,36005,80351,4176
12/31/2020,Kings,New York,36047,114914,6094
12/31/2020,Queens,New York,36081,116791,6324
12/31/2020,Richmond,New York,36085,32595,1102
01/01/2021,New York,New York,36061,55259,2675
01/01/2021,Bronx,New York,36005,80552,4185
01/01/2021,Kings,New York,36047,115320,6111
01/01/2021,Queens,New York,36081,117218,6330
01/01/2021,Richmond,New York,36085,32717,1105
01/02/2021,New York,New York,36061,55773,2680
01/02/2021,Bronx,New York,36005,81273,4198
01/02/2021,Kings,New York,36047,116426,6128
01/02/2021,Queens,New York,36081,118550,6343
01/02/2021,Richmond,New York,36085,33225,1113
01/03/2021,New York,New York,36061,56166,2685
01/03/2021,Bronx,New York,36005,81780,4206
01/03/2021,Kings,New York,36047,117479,6139
01/03/2021,Queens,New York,36081,119641,6351
01/03/2021,Richmond,New York,36085,33621,1118
01/04/2021,New York,New York,36061,57070,2691
01/04/2021,Bronx,New York,36005,83027,4215
01/04/2021,Kings,New York,36047,119367,6163
01/04/2021,Queens,New York,36081,121500,6365
01/04/2021,Richmond,New York,36085,34276,1126
01/05/2021,New York,New York,36061,57952,2700
01/05/2021,Bronx,New York,36005,84184,4227
01/05/2021,Kings,New York,36047,121127,6185
01/05/2021,Queens,New York,36081,123322,6383
01/05/2021,Richmond,New York,36085,34792,1131
01/06/2021,New York,New York,36061,58708,2702
01/06/2021,Bronx,New York,36005,85294,4240
01/06/2021,Kings,New York,36047,122722,6204
01/06/2021,Queens,New York,36081,124992,6403
01/06/2021,Richmond,New York,36085,35316,1137
01/07/2021,New York,New York,36061,59485,2715
01/07/2021,Bronx,New York,36005,86264,4244
01/07/2021,Kings,New York,36047,124350,6222
01/07/2021,Queens,New York,36081,126549,6413
01/07/2021,Richmond,New York,36085,35769,1144
01/08/2021,New York,New York,36061,60264,2725
01/08/2021,Bronx,New York,36005,87245,4254
01/08/2021,Kings,New York,36047,125801,6236
01/08/2021,Queens,New York,36081,128143,6432
01/08/2021,Richmond,New York,36085,36249,1152
01/09/2021,New York,New York,36061,60710,2736
01/09/2021,Bronx,New York,36005,87925,4270
01/09/2021,Kings,New York,36047,126798,6257
01/09/2021,Queens,New York,36081,129327,6451
01/09/2021,Richmond,New York,36085,36621,1157
01/10/2021,New York,New York,36061,61075,2739
01/10/2021,Bronx,New York,36005,88382,4279
01/10/2021,Kings,New York,36047,127804,6274
01/10/2021,Queens,New York,36081,130346,6470
01/10/2021,Richmond,New York,36085,36963,1161
01/11/2021,New York,New York,36061,61914,2745
01/11/2021,Bronx,New York,36005,89511,4286
01/11/2021,Kings,New York,36047,129560,6286
01/11/2021,Queens,New York,36081,132033,6501
01/11/2021,Richmond,New York,36085,37430,1163
01/12/2021,New York,New York,36061,62584,2753
01/12/2021,Bronx,New York,36005,90501,4295
01/12/2021,Kings,New York,36047,131171,6315
01/12/2021,Queens,New York,36081,133560,6522
01/12/2021,Richmond,New York,36085,37845,1168
01/13/2021,New York,New York,36061,63278,2760
01/13/2021,Bronx,New York,36005,91534,4299
01/13/2021,Kings,New York,36047,132706,6336
01/13/2021,Queens,New York,36081,135073,6550
01/13/2021,Richmond,New York,36085,38224,1174
01/14/2021,New York,New York,36061,64024,2767
01/14/2021,Bronx,New York,36005,92520,4305
01/14/2021,Kings,New York,36047,134261,6358
01/14/2021,Queens,New York,36081,136602,6575
01/14/2021,Richmond,New York,36085,38641,1179
01/15/2021,New York,New York,36061,64681,2779
01/15/2021,Bronx,New York,36005,93435,4318
01/15/2021,Kings,New York,36047,135652,6368
01/15/2021,Queens,New York,36081,138070,6594
01/15/2021,Richmond,New York,36085,38996,1188
01/16/2021,New York,New York,36061,65126,2784
01/16/2021,Bronx,New York,36005,94044,4330
01/16/2021,Kings,New York,36047,136722,6388
01/16/2021,Queens,New York,36081,139120,6621
01/16/2021,Richmond,New York,36085,39293,1190
01/17/2021,New York,New York,36061,65517,2790
01/17/2021,Bronx,New York,36005,94540,4338
01/17/2021,Kings,New York,36047,137621,6412
01/17/2021,Queens,New York,36081,139979,6637
01/17/2021,Richmond,New York,36085,39547,1192
01/18/2021,New York,New York,36061,66113,2799
01/18/2021,Bronx,New York,36005,95295,4355
01/18/2021,Kings,New York,36047,139079,6434
01/18/2021,Queens,New York,36081,141409,6657
01/18/2021,Richmond,New York,36085,39925,1198
01/19/2021,New York,New York,36061,66829,2810
01/19/2021,Bronx,New York,36005,96381,4367
01/19/2021,Kings,New York,36047,140553,6461
01/19/2021,Queens,New York,36081,142929,6681
01/19/2021,Richmond,New York,36085,40259,1204
01/20/2021,New York,New York,36061,67554,2818
01/20/2021,Bronx,New York,36005,97418,4374
01/20/2021,Kings,New York,36047,141902,6488
01/20/2021,Queens,New York,36081,144358,6706
01/20/2021,Richmond,New York,36085,40614,1211
01/21/2021,New York,New York,36061,68264,2831
01/21/2021,Bronx,New York,36005,98377,4384
01/21/2021,Kings,New York,36047,143293,6508
01/21/2021,Queens,New York,36081,145857,6722
01/21/2021,Richmond,New York,36085,40965,1215
01/22/2021,New York,New York,36061,68972,2840
01/22/2021,Bronx,New York,36005,99423,4396
01/22/2021,Kings,New York,36047,144613,6539
01/22/2021,Queens,New York,36081,147147,6746
01/22/2021,Richmond,New York,36085,41292,1218
01/23/2021,New York,New York,36061,69433,2849
01/23/2021,Bronx,New York,36005,100091,4408
01/23/2021,Kings,New York,36047,145521,6567
01/23/2021,Queens,New York,36081,148142,6765
01/23/2021,Richmond,New York,36085,41537,1228
01/24/2021,New York,New York,36061,69805,2858
01/24/2021,Bronx,New York,36005,100579,4417
01/24/2021,Kings,New York,36047,146412,6587
01/24/2021,Queens,New York,36081,149051,6788
01/24/2021,Richmond,New York,36085,41715,1234
01/25/2021,New York,New York,36061,70615,2870
01/25/2021,Bronx,New York,36005,101726,4426
01/25/2021,Kings,New York,36047,148123,6606
01/25/2021,Queens,New York,36081,150670,6805
01/25/2021,Richmond,New York,36085,42072,1241
01/26/2021,New York,New York,36061,71306,2882
01/26/2021,Bronx,New York,36005,102716,4435
01/26/2021,Kings,New York,36047,149488,6637
01/26/2021,Queens,New York,36081,152040,6831
01/26/2021,Richmond,New York,36085,42351,1243
01/27/2021,New York,New York,36061,72012,2905
01/27/2021,Bronx,New York,36005,103679,4447
01/27/2021,Kings,New York,36047,150931,6667
01/27/2021,Queens,New York,36081,153416,6852
01/27/2021,Richmond,New York,36085,42630,1248
01/28/2021,New York,New York,36061,72703,2921
01/28/2021,Bronx,New York,36005,104643,4468
01/28/2021,Kings,New York,36047,152334,6683
01/28/2021,Queens,New York,36081,154753,6879
01/28/2021,Richmond,New York,36085,42897,1255
01/29/2021,New York,New York,36061,73233,2930
01/29/2021,Bronx,New York,36005,105375,4487
01/29/2021,Kings,New York,36047,153440,6709
01/29/2021,Queens,New York,36081,155834,6907
01/29/2021,Richmond,New York,36085,43131,1261
01/30/2021,New York,New York,36061,73587,2939
01/30/2021,Bronx,New York,36005,105933,4502
01/30/2021,Kings,New York,36047,154298,6736
01/30/2021,Queens,New York,36081,156748,6929
01/30/2021,Richmond,New York,36085,43293,1265
01/31/2021,New York,New York,36061,73919,2949
01/31/2021,Bronx,New York,36005,106481,4509
01/31/2021,Kings,New York,36047,155174,6763
01/31/2021,Queens,New York,36081,157656,6953
01/31/2021,Richmond,New York,36085,43511,1271
02/01/2021,New York,New York,36061,74107,2954
02/01/2021,Bronx,New York,36005,106649,4521
02/01/2021,Kings,New York,36047,155518,6785
02/01/2021,Queens,New York,36081,157891,6975
02/01/2021,Richmond,New York,36085,43555,1274
02/02/2021,New York,New York,36061,74558,2961
02/02/2021,Bronx,New York,36005,107081,4534
02/02/2021,Kings,New York,36047,156389,6815
02/02/2021,Queens,New York,36081,158660,6996
02/02/2021,Richmond,New York,36085,43697,1280
02/03/2021,New York,New York,36061,75378,2974
02/03/2021,Bronx,New York,36005,108166,4549
02/03/2021,Kings,New York,36047,157890,6835
02/03/2021,Queens,New York,36081,160059,7016
02/03/2021,Richmond,New York,36085,44018,1287
02/04/2021,New York,New York,36061,76084,2990
02/04/2021,Bronx,New York,36005,109234,4569
02/04/2021,Kings,New York,36047,159277,6861
02/04/2021,Queens,New York,36081,161469,7042
02/04/2021,Richmond,New York,36085,44302,1290
02/05/2021,New York,New York,36061,76622,3001
02/05/2021,Bronx,New York,36005,110185,4584
02/05/2021,Kings,New York,36047,160516,6893
02/05/2021,Queens,New York,36081,162646,7062
02/05/2021,Richmond,New York,36085,44543,1294
02/06/2021,New York,New York,36061,77013,3010
02/06/2021,Bronx,New York,36005,110903,4596
02/06/2021,Kings,New York,36047,161414,6919
02/06/2021,Queens,New York,36081,163535,7085
02/06/2021,Richmond,New York,36085,44722,1301
02/07/2021,New York,New York,36061,77219,3025
02/07/2021,Bronx,New York,36005,111222,4617
02/07/2021,Kings,New York,36047,161981,6938
02/07/2021,Queens,New York,36081,163985,7107
02/07/2021,Richmond,New York,36085,44822,1304
02/08/2021,New York,New York,36061,77834,3041
02/08/2021,Bronx,New York,36005,112185,4637
02/08/2021,Kings,New York,36047,163321,6962
02/08/2021,Queens,New York,36081,165220,7125
02/08/2021,Richmond,New York,36085,45088,1309
02/09/2021,New York,New York,36061,78354,3053
02/09/2021,Bronx,New York,36005,113057,4648
02/09/2021,Kings,New York,36047,164403,6986
02/09/2021,Queens,New York,36081,166215,7146
02/09/2021,Richmond,New York,36085,45332,1312
02/10/2021,New York,New York,36061,78920,3061
02/10/2021,Bronx,New York,36005,113922,4669
02/10/2021,Kings,New York,36047,165461,7007
02/10/2021,Queens,New York,36081,167220,7169
02/10/2021,Richmond,New York,36085,45605,1317
02/11/2021,New York,New York,36061,79470,3074
02/11/2021,Bronx,New York,36005,114654,4691
02/11/2021,Kings,New York,36047,166395,7037
02/11/2021,Queens,New York,36081,168188,7194
02/11/2021,Richmond,New York,36085,45830,1322
02/12/2021,New York,New York,36061,79963,3084
02/12/2021,Bronx,New York,36005,115384,4704
02/12/2021,Kings,New York,36047,167328,7063
02/12/2021,Queens,New York,36081,169118,7220
02/12/2021,Richmond,New York,36085,46061,1328
02/13/2021,New York,New York,36061,80240,3095
02/13/2021,Bronx,New York,36005,115806,4718
02/13/2021,Kings,New York,36047,167994,7088
02/13/2021,Queens,New York,36081,169822,7245
02/13/2021,Richmond,New York,36085,46198,1333
02/14/2021,New York,New York,36061,80486,3110
02/14/2021,Bronx,New York,36005,116169,4731
02/14/2021,Kings,New York,36047,168577,7116
02/14/2021,Queens,New York,36081,170398,7264
02/14/2021,Richmond,New York,36085,46312,1336
02/15/2021,New York,New York,36061,80854,3124
02/15/2021,Bronx,New York,36005,116688,4747
02/15/2021,Kings,New York,36047,169424,7142
02/15/2021,Queens,New York,36081,171259,7286
02/15/2021,Richmond,New York,36085,46543,1340
02/16/2021,New York,New York,36061,81463,3130
02/16/2021,Bronx,New York,36005,117469,4764
02/16/2021,Kings,New York,36047,170529,7174
02/16/2021,Queens,New York,36081,172269,7313
02/16/2021,Richmond,New York,36085,46729,1343
02/17/2021,New York,New York,36061,82012,3135
02/17/2021,Bronx,New York,36005,118250,4790
02/17/2021,Kings,New York,36047,171530,7196
02/17/2021,Queens,New York,36081,173169,7338
02/17/2021,Richmond,New York,36085,46924,1346
02/18/2021,New York,New York,36061,82411,3143
02/18/2021,Bronx,New York,36005,118629,4798
02/18/2021,Kings,New York,36047,172123,7216
02/18/2021,Queens,New York,36081,173709,7354
02/18/2021,Richmond,New York,36085,47035,1348
02/19/2021,New York,New York,36061,82871,3154
02/19/2021,Bronx,New York,36005,119243,4807
02/19/2021,Kings,New York,36047,172975,7233
02/19/2021,Queens,New York,36081,174560,7374
02/19/2021,Richmond,New York,36085,47260,1348
02/20/2021,New York,New York,36061,83213,3163
02/20/2021,Bronx,New York,36005,119741,4827
02/20/2021,Kings,New York,36047,173642,7252
02/20/2021,Queens,New York,36081,175327,7388
02/20/2021,Richmond,New York,36085,47427,1355
02/21/2021,New York,New York,36061,83512,3168
02/21/2021,Bronx,New York,36005,120090,4845
02/21/2021,Kings,New York,36047,174423,7267
02/21/2021,Queens,New York,36081,175983,7405
02/21/2021,Richmond,New York,36085,47575,1358
02/22/2021,New York,New York,36061,84041,3179
02/22/2021,Bronx,New York,36005,120814,4857
02/22/2021,Kings,New York,36047,175509,7294
02/22/2021,Queens,New York,36081,176935,7421
02/22/2021,Richmond,New York,36085,47799,1363
02/23/2021,New York,New York,36061,84565,3189
02/23/2021,Bronx,New York,36005,121520,4875
02/23/2021,Kings,New York,36047,176562,7314
02/23/2021,Queens,New York,36081,177831,7441
02/23/2021,Richmond,New York,36085,47993,1365
02/24/2021,New York,New York,36061,85123,3209
02/24/2021,Bronx,New York,36005,122210,4889
02/24/2021,Kings,New York,36047,177550,7337
02/24/2021,Queens,New York,36081,178740,7456
02/24/2021,Richmond,New York,36085,48204,1373
02/25/2021,New York,New York,36061,85625,3218
02/25/2021,Bronx,New York,36005,122910,4907
02/25/2021,Kings,New York,36047,178534,7358
02/25/2021,Queens,New York,36081,179659,7473
02/25/2021,Richmond,New York,36085,48465,1376
02/26/2021,New York,New York,36061,86111,3235
02/26/2021,Bronx,New York,36005,123541,4918
02/26/2021,Kings,New York,36047,179454,7372
02/26/2021,Queens,New York,36081,180506,7495
02/26/2021,Richmond,New York,36085,48674,1380
02/27/2021,New York,New York,36061,86351,3242
02/27/2021,Bronx,New York,36005,123906,4925
02/27/2021,Kings,New York,36047,180025,7400
02/27/2021,Queens,New York,36081,181084,7514
02/27/2021,Richmond,New York,36085,48809,1382
02/28/2021,New York,New York,36061,86588,3252
02/28/2021,Bronx,New York,36005,124222,4935
02/28/2021,Kings,New York,36047,180700,7422
02/28/2021,Queens,New York,36081,181617,7535
02/28/2021,Richmond,New York,36085,48955,1384
03/01/2021,New York,New York,36061,87088,3260
03/01/2021,Bronx,New York,36005,124899,4939
03/01/2021,Kings,New York,36047,181797,7443
03/01/2021,Queens,New York,36081,182574,7555
03/01/2021,Richmond,New York,36085,49198,1389
03/02/2021,New York,New York,36061,87546,3264
03/02/2021,Bronx,New York,36005,125421,4948
03/02/2021,Kings,New York,36047,182647,7455
03/02/2021,Queens,New York,36081,183371,7568
03/02/2021,Richmond,New York,36085,49440,1393
03/03/2021,New York,New York,36061,88002,3274
03/03/2021,Bronx,New York,36005,125969,4963
03/03/2021,Kings,New York,36047,183480,7464
03/03/2021,Queens,New York,36081,184102,7581
03/03/2021,Richmond,New York,36085,49683,1397
03/04/2021,New York,New York,36061,88338,3278
03/04/2021,Bronx,New York,36005,126370,4970
03/04/2021,Kings,New York,36047,184085,7474
03/04/2021,Queens,New York,36081,184618,7594
03/04/2021,Richmond,New York,36085,49874,1398
